sample_id,case,scenario,y_true,s_comp,theta_seq,a_seq
case9_baseline_000,case9,baseline,0,0.16214,0.16214,0
case9_baseline_001,case9,baseline,0,0.194795,0.340721,0
case9_baseline_002,case9,baseline,0,0.336524,0.643173,0
case9_baseline_003,case9,baseline,0,0.324668,0.903524,0
case9_baseline_004,case9,baseline,0,0.553956,1.367127,0
case9_baseline_005,case9,baseline,0,0.562014,1.792429,0
case9_baseline_006,case9,baseline,0,0.503915,2.117101,0
case9_baseline_007,case9,baseline,0,0.28941,2.194801,0
case9_baseline_008,case9,baseline,0,0.327764,2.303085,0
case9_baseline_009,case9,baseline,0,0.343487,2.416264,0
case9_baseline_010,case9,baseline,0,0.251665,2.426303,0
case9_baseline_011,case9,baseline,0,0.4218,2.605473,0
case9_baseline_012,case9,baseline,0,0.151434,2.49636,0
case9_baseline_013,case9,baseline,0,0.188693,2.435416,0
case9_baseline_014,case9,baseline,0,0.240731,2.432605,0
case9_baseline_015,case9,baseline,0,0.294871,2.484216,0
case9_baseline_016,case9,baseline,0,0.561058,2.796852,0
case9_baseline_017,case9,baseline,0,0.335243,2.85241,0
case9_baseline_018,case9,baseline,0,0.36078,2.927949,0
case9_baseline_019,case9,baseline,0,0.517621,3.152775,0
case9_baseline_020,case9,baseline,0,0.403989,3.241486,0
case9_baseline_021,case9,baseline,0,0.467187,3.384524,0
case9_baseline_022,case9,baseline,0,0.436316,3.482388,0
case9_baseline_023,case9,baseline,0,0.354217,3.488366,0
case9_baseline_024,case9,baseline,0,0.266102,3.405631,0
case9_baseline_025,case9,baseline,0,0.347516,3.412584,0
case9_baseline_026,case9,baseline,0,0.202544,3.27387,0
case9_baseline_027,case9,baseline,0,0.205209,3.151691,0
case9_baseline_028,case9,baseline,0,0.209455,3.045977,0
case9_baseline_029,case9,baseline,0,0.241315,2.982694,0
case9_baseline_030,case9,baseline,0,0.27031,2.954735,0
case9_baseline_031,case9,baseline,0,0.234988,2.89425,0
case9_baseline_032,case9,baseline,0,0.242538,2.847363,0
case9_baseline_033,case9,baseline,0,0.228275,2.790902,0
case9_baseline_034,case9,baseline,0,0.257165,2.768977,0
case9_baseline_035,case9,baseline,0,0.280722,2.772801,0
case9_baseline_036,case9,baseline,0,0.246836,2.742357,0
case9_baseline_037,case9,baseline,0,0.335312,2.803434,0
case9_baseline_038,case9,baseline,0,0.164584,2.687675,0
case9_baseline_039,case9,baseline,0,0.310379,2.729286,0
case9_baseline_040,case9,baseline,0,0.182442,2.638799,0
case9_baseline_041,case9,baseline,0,0.203608,2.578528,0
case9_baseline_042,case9,baseline,0,0.237296,2.557971,0
case9_baseline_043,case9,baseline,0,0.135998,2.438171,0
case9_baseline_044,case9,baseline,0,0.265295,2.459649,0
case9_baseline_045,case9,baseline,0,0.237699,2.451383,0
case9_baseline_046,case9,baseline,0,0.184797,2.391041,0
case9_baseline_047,case9,baseline,0,0.227514,2.379451,0
case9_baseline_048,case9,baseline,0,0.205758,2.347263,0
case9_baseline_049,case9,baseline,0,0.188964,2.301502,0
case9_baseline_050,case9,baseline,0,0.202076,2.273427,0
case9_baseline_051,case9,baseline,0,0.171409,2.217494,0
case9_baseline_052,case9,baseline,0,0.289683,2.285427,0
case9_baseline_053,case9,baseline,0,0.327557,2.384442,0
case9_baseline_054,case9,baseline,0,0.259837,2.405835,0
case9_baseline_055,case9,baseline,0,0.286073,2.451325,0
case9_baseline_056,case9,baseline,0,0.199705,2.405897,0
case9_baseline_057,case9,baseline,0,0.236043,2.401351,0
case9_baseline_058,case9,baseline,0,0.425284,2.586499,0
case9_baseline_059,case9,baseline,0,0.319967,2.647816,0
case9_branch_outage_000,case9,branch_outage,1,0.838501,3.221536,0
case9_branch_outage_001,case9,branch_outage,1,0.836902,3.736285,0
case9_branch_outage_002,case9,branch_outage,1,0.835705,4.198361,0
case9_branch_outage_003,case9,branch_outage,1,0.83535,4.613875,1
case9_branch_outage_004,case9,branch_outage,1,0.835897,4.988384,1
case9_branch_outage_005,case9,branch_outage,1,0.837508,5.327054,1
case9_branch_outage_006,case9,branch_outage,1,0.835506,5.629855,1
case9_branch_outage_007,case9,branch_outage,1,0.835217,5.902086,1
case9_branch_outage_008,case9,branch_outage,1,0.836496,6.148374,1
case9_branch_outage_009,case9,branch_outage,1,0.836209,6.369745,1
case9_branch_outage_010,case9,branch_outage,1,0.836254,6.569025,1
case9_branch_outage_011,case9,branch_outage,1,0.832653,6.744776,1
case9_branch_outage_012,case9,branch_outage,1,0.829831,6.900129,1
case9_branch_outage_013,case9,branch_outage,1,0.830922,7.041038,1
case9_branch_outage_014,case9,branch_outage,1,0.832177,7.169112,1
case9_branch_outage_015,case9,branch_outage,1,0.83296,7.285161,1
case9_branch_outage_016,case9,branch_outage,1,0.834364,7.391009,1
case9_branch_outage_017,case9,branch_outage,1,0.834682,7.486591,1
case9_branch_outage_018,case9,branch_outage,1,0.831829,7.56976,1
case9_branch_outage_019,case9,branch_outage,1,0.829872,7.642656,1
case9_branch_outage_020,case9,branch_outage,1,0.828725,7.707115,1
case9_branch_outage_021,case9,branch_outage,1,0.82841,7.764813,1
case9_branch_outage_022,case9,branch_outage,1,0.827409,7.815741,1
case9_branch_outage_023,case9,branch_outage,1,0.827058,7.861225,1
case9_branch_outage_024,case9,branch_outage,1,0.826811,7.901913,1
case9_branch_outage_025,case9,branch_outage,1,0.827987,7.939709,1
case9_branch_outage_026,case9,branch_outage,1,0.828465,7.974204,1
case9_branch_outage_027,case9,branch_outage,1,0.831287,8.008071,1
case9_branch_outage_028,case9,branch_outage,1,0.83287,8.040134,1
case9_branch_outage_029,case9,branch_outage,1,0.830423,8.066543,1
case9_branch_outage_030,case9,branch_outage,1,0.831127,8.091016,1
case9_branch_outage_031,case9,branch_outage,1,0.832162,8.114076,1
case9_branch_outage_032,case9,branch_outage,1,0.834485,8.137154,1
case9_branch_outage_033,case9,branch_outage,1,0.837183,8.160622,1
case9_branch_outage_034,case9,branch_outage,1,0.833496,8.178055,1
case9_branch_outage_035,case9,branch_outage,1,0.832416,8.192665,1
case9_branch_outage_036,case9,branch_outage,1,0.831923,8.205322,1
case9_branch_outage_037,case9,branch_outage,1,0.83349,8.21828,1
case9_branch_outage_038,case9,branch_outage,1,0.835849,8.2323,1
case9_branch_outage_039,case9,branch_outage,1,0.835431,8.244502,1
case9_branch_outage_040,case9,branch_outage,1,0.837484,8.257536,1
case9_branch_outage_041,case9,branch_outage,1,0.837321,8.269103,1
case9_branch_outage_042,case9,branch_outage,1,0.837235,8.279428,1
case9_branch_outage_043,case9,branch_outage,1,0.839397,8.290882,1
case9_branch_outage_044,case9,branch_outage,1,0.838185,8.299978,1
case9_branch_outage_045,case9,branch_outage,1,0.835926,8.305906,1
case9_branch_outage_046,case9,branch_outage,1,0.835041,8.310356,1
case9_branch_outage_047,case9,branch_outage,1,0.834303,8.313624,1
case9_branch_outage_048,case9,branch_outage,1,0.832712,8.314973,1
case9_branch_outage_049,case9,branch_outage,1,0.837308,8.320784,1
case9_branch_outage_050,case9,branch_outage,1,0.83691,8.325616,1
case9_branch_outage_051,case9,branch_outage,1,0.837696,8.33075,1
case9_branch_outage_052,case9,branch_outage,1,0.836449,8.334124,1
case9_branch_outage_053,case9,branch_outage,1,0.834688,8.3354,1
case9_branch_outage_054,case9,branch_outage,1,0.835562,8.337422,1
case9_branch_outage_055,case9,branch_outage,1,0.836714,8.340394,1
case9_branch_outage_056,case9,branch_outage,1,0.836206,8.342561,1
case9_branch_outage_057,case9,branch_outage,1,0.833354,8.341659,1
case9_branch_outage_058,case9,branch_outage,1,0.832832,8.340325,1
case9_branch_outage_059,case9,branch_outage,1,0.833641,8.339934,1
case9_fdia_000,case9,fdia,1,0.831917,8.337858,1
case9_fdia_001,case9,fdia,1,0.831877,8.335949,1
case9_fdia_002,case9,fdia,1,0.831836,8.33419,1
case9_fdia_003,case9,fdia,1,0.830601,8.331372,1
case9_fdia_004,case9,fdia,1,0.831889,8.330124,1
case9_fdia_005,case9,fdia,1,0.832331,8.329443,1
case9_fdia_006,case9,fdia,1,0.831536,8.328034,1
case9_fdia_007,case9,fdia,1,0.832409,8.32764,1
case9_fdia_008,case9,fdia,1,0.833481,8.328357,1
case9_fdia_009,case9,fdia,1,0.833691,8.329212,1
case9_fdia_010,case9,fdia,1,0.834986,8.331276,1
case9_fdia_011,case9,fdia,1,0.833227,8.331376,1
case9_fdia_012,case9,fdia,1,0.833864,8.332102,1
case9_fdia_013,case9,fdia,1,0.832789,8.331682,1
case9_fdia_014,case9,fdia,1,0.83234,8.330853,1
case9_fdia_015,case9,fdia,1,0.831249,8.329016,1
case9_fdia_016,case9,fdia,1,0.83122,8.327335,1
case9_fdia_017,case9,fdia,1,0.83205,8.326652,1
case9_fdia_018,case9,fdia,1,0.83017,8.324156,1
case9_fdia_019,case9,fdia,1,0.830708,8.322449,1
case9_fdia_020,case9,fdia,1,0.832064,8.322268,1
case9_fdia_021,case9,fdia,1,0.83309,8.323132,1
case9_fdia_022,case9,fdia,1,0.83358,8.324399,1
case9_fdia_023,case9,fdia,1,0.83389,8.325849,1
case9_fdia_024,case9,fdia,1,0.834313,8.327577,1
case9_fdia_025,case9,fdia,1,0.834765,8.329584,1
case9_fdia_026,case9,fdia,1,0.837483,8.334109,1
case9_fdia_027,case9,fdia,1,0.834039,8.334736,1
case9_fdia_028,case9,fdia,1,0.835325,8.336587,1
case9_fdia_029,case9,fdia,1,0.832864,8.335792,1
case9_fdia_030,case9,fdia,1,0.833262,8.335475,1
case9_fdia_031,case9,fdia,1,0.833977,8.335905,1
case9_fdia_032,case9,fdia,1,0.834451,8.336766,1
case9_fdia_033,case9,fdia,1,0.834551,8.337641,1
case9_fdia_034,case9,fdia,1,0.837726,8.341603,1
case9_fdia_035,case9,fdia,1,0.838375,8.345818,1
case9_fdia_036,case9,fdia,1,0.839337,8.350573,1
case9_fdia_037,case9,fdia,1,0.838721,8.354237,1
case9_fdia_038,case9,fdia,1,0.839941,8.358755,1
case9_fdia_039,case9,fdia,1,0.838962,8.361841,1
case9_fdia_040,case9,fdia,1,0.840208,8.365865,1
case9_fdia_041,case9,fdia,1,0.840442,8.36972,1
case9_fdia_042,case9,fdia,1,0.841097,8.373846,1
case9_fdia_043,case9,fdia,1,0.841695,8.378156,1
case9_fdia_044,case9,fdia,1,0.839824,8.380164,1
case9_fdia_045,case9,fdia,1,0.83824,8.380388,1
case9_fdia_046,case9,fdia,1,0.835959,8.378308,1
case9_fdia_047,case9,fdia,1,0.836783,8.37726,1
case9_fdia_048,case9,fdia,1,0.838468,8.378002,1
case9_fdia_049,case9,fdia,1,0.836463,8.376665,1
case9_fdia_050,case9,fdia,1,0.835175,8.374174,1
case9_fdia_051,case9,fdia,1,0.835837,8.372593,1
case9_fdia_052,case9,fdia,1,0.83573,8.371064,1
case9_fdia_053,case9,fdia,1,0.834898,8.368855,1
case9_fdia_054,case9,fdia,1,0.831488,8.363457,1
case9_fdia_055,case9,fdia,1,0.834668,8.36178,1
case9_fdia_056,case9,fdia,1,0.833536,8.359138,1
case9_fdia_057,case9,fdia,1,0.83698,8.360204,1
case9_fdia_058,case9,fdia,1,0.835739,8.359923,1
case9_fdia_059,case9,fdia,1,0.836226,8.360157,1
case9_load_shift_000,case9,load_shift,1,0.83739,8.361531,1
case9_load_shift_001,case9,load_shift,1,0.837049,8.362427,1
case9_load_shift_002,case9,load_shift,1,0.834774,8.360958,1
case9_load_shift_003,case9,load_shift,1,0.834322,8.359185,1
case9_load_shift_004,case9,load_shift,1,0.838564,8.36183,1
case9_load_shift_005,case9,load_shift,1,0.492032,8.017679,1
case9_load_shift_006,case9,load_shift,1,0.838947,8.054858,1
case9_load_shift_007,case9,load_shift,1,0.837664,8.087036,1
case9_load_shift_008,case9,load_shift,1,0.832382,8.110715,1
case9_load_shift_009,case9,load_shift,1,0.396982,7.696625,1
case9_load_shift_010,case9,load_shift,1,0.836003,7.762965,1
case9_load_shift_011,case9,load_shift,1,0.835966,7.822635,1
case9_load_shift_012,case9,load_shift,1,0.83478,7.875152,1
case9_load_shift_013,case9,load_shift,1,0.520744,7.60838,1
case9_load_shift_014,case9,load_shift,1,0.837107,7.68465,1
case9_load_shift_015,case9,load_shift,1,0.832594,7.748778,1
case9_load_shift_016,case9,load_shift,1,0.836628,7.810529,1
case9_load_shift_017,case9,load_shift,1,0.388263,7.417739,1
case9_load_shift_018,case9,load_shift,1,0.83509,7.511055,1
case9_load_shift_019,case9,load_shift,1,0.834524,7.594474,1
case9_load_shift_020,case9,load_shift,1,0.833154,7.66818,1
case9_load_shift_021,case9,load_shift,1,0.387261,7.288623,1
case9_load_shift_022,case9,load_shift,1,0.836296,7.396057,1
case9_load_shift_023,case9,load_shift,1,0.836002,7.492453,1
case9_load_shift_024,case9,load_shift,1,0.833055,7.576263,1
case9_load_shift_025,case9,load_shift,1,0.435828,7.254465,1
case9_load_shift_026,case9,load_shift,1,0.836779,7.365797,1
case9_load_shift_027,case9,load_shift,1,0.838935,7.468153,1
case9_load_shift_028,case9,load_shift,1,0.838468,7.559805,1
case9_load_shift_029,case9,load_shift,1,0.388897,7.192722,1
case9_load_shift_030,case9,load_shift,1,0.834815,7.308264,1
case9_load_shift_031,case9,load_shift,1,0.835216,7.412654,1
case9_load_shift_032,case9,load_shift,1,0.834534,7.505923,1
case9_load_shift_033,case9,load_shift,1,0.383548,7.138878,1
case9_load_shift_034,case9,load_shift,1,0.833902,7.258892,1
case9_load_shift_035,case9,load_shift,1,0.834185,7.367188,1
case9_load_shift_036,case9,load_shift,1,0.830572,7.461041,1
case9_load_shift_037,case9,load_shift,1,0.382584,7.09752,1
case9_load_shift_038,case9,load_shift,1,0.829909,7.217677,1
case9_load_shift_039,case9,load_shift,1,0.831473,7.327383,1
case9_load_shift_040,case9,load_shift,1,0.831052,7.425697,1
case9_load_shift_041,case9,load_shift,1,0.466892,7.150019,1
case9_load_shift_042,case9,load_shift,1,0.827233,7.26225,1
case9_load_shift_043,case9,load_shift,1,0.827404,7.363429,1
case9_load_shift_044,case9,load_shift,1,0.828058,7.455144,1
case9_load_shift_045,case9,load_shift,1,0.474786,7.184415,1
case9_load_shift_046,case9,load_shift,1,0.828121,7.294095,1
case9_load_shift_047,case9,load_shift,1,0.829098,7.393784,1
case9_load_shift_048,case9,load_shift,1,0.829374,7.483779,1
case9_load_shift_049,case9,load_shift,1,0.455295,7.190696,1
case9_load_shift_050,case9,load_shift,1,0.82917,7.300797,1
case9_load_shift_051,case9,load_shift,1,0.827333,7.39805,1
case9_load_shift_052,case9,load_shift,1,0.82714,7.485385,1
case9_load_shift_053,case9,load_shift,1,0.382823,7.11967,1
case9_load_shift_054,case9,load_shift,1,0.807129,7.214832,1
case9_load_shift_055,case9,load_shift,1,0.829369,7.322717,1
case9_load_shift_056,case9,load_shift,1,0.82966,7.420105,1
case9_load_shift_057,case9,load_shift,1,0.477293,7.155388,1
case9_load_shift_058,case9,load_shift,1,0.832314,7.272163,1
case9_load_shift_059,case9,load_shift,1,0.830761,7.375707,1
case9_stealth_drift_000,case9,stealth_drift,1,0.839639,7.477775,1
case9_stealth_drift_001,case9,stealth_drift,1,0.839464,7.569462,1
case9_stealth_drift_002,case9,stealth_drift,1,0.848481,7.660997,1
case9_stealth_drift_003,case9,stealth_drift,1,0.846936,7.741833,1
case9_stealth_drift_004,case9,stealth_drift,1,0.844858,7.812508,1
case9_stealth_drift_005,case9,stealth_drift,1,0.449116,7.480373,1
case9_stealth_drift_006,case9,stealth_drift,1,0.728785,7.46112,1
case9_stealth_drift_007,case9,stealth_drift,1,0.839821,7.554829,1
case9_stealth_drift_008,case9,stealth_drift,1,0.845756,7.645102,1
case9_stealth_drift_009,case9,stealth_drift,1,0.395385,7.275976,1
case9_stealth_drift_010,case9,stealth_drift,1,0.643621,7.192,1
case9_stealth_drift_011,case9,stealth_drift,1,0.832266,7.305066,1
case9_stealth_drift_012,case9,stealth_drift,1,0.853128,7.427687,1
case9_stealth_drift_013,case9,stealth_drift,1,0.448018,7.132937,1
case9_stealth_drift_014,case9,stealth_drift,1,0.691591,7.111234,1
case9_stealth_drift_015,case9,stealth_drift,1,0.854222,7.254332,1
case9_stealth_drift_016,case9,stealth_drift,1,0.861936,7.390835,1
case9_stealth_drift_017,case9,stealth_drift,1,0.427821,7.079572,1
case9_stealth_drift_018,case9,stealth_drift,1,0.570641,6.942256,1
case9_stealth_drift_019,case9,stealth_drift,1,0.861162,7.109193,1
case9_stealth_drift_020,case9,stealth_drift,1,0.849989,7.248262,1
case9_stealth_drift_021,case9,stealth_drift,1,0.430621,6.954056,1
case9_stealth_drift_022,case9,stealth_drift,1,0.702027,6.960677,1
case9_stealth_drift_023,case9,stealth_drift,1,0.854561,7.119171,1
case9_stealth_drift_024,case9,stealth_drift,1,0.855589,7.262843,1
case9_stealth_drift_025,case9,stealth_drift,1,0.446963,6.983522,1
case9_stealth_drift_026,case9,stealth_drift,1,0.610915,6.896085,1
case9_stealth_drift_027,case9,stealth_drift,1,0.875657,7.082134,1
case9_stealth_drift_028,case9,stealth_drift,1,0.888023,7.261943,1
case9_stealth_drift_029,case9,stealth_drift,1,0.478592,7.014341,1
case9_stealth_drift_030,case9,stealth_drift,1,0.829105,7.142012,1
case9_stealth_drift_031,case9,stealth_drift,1,0.886216,7.314027,1
case9_stealth_drift_032,case9,stealth_drift,1,0.888963,7.471587,1
case9_stealth_drift_033,case9,stealth_drift,1,0.460094,7.184523,1
case9_stealth_drift_034,case9,stealth_drift,1,0.884246,7.350317,1
case9_stealth_drift_035,case9,stealth_drift,1,0.830086,7.445371,1
case9_stealth_drift_036,case9,stealth_drift,1,0.886067,7.586901,1
case9_stealth_drift_037,case9,stealth_drift,1,0.447026,7.275237,1
case9_stealth_drift_038,case9,stealth_drift,1,0.617338,7.165051,1
case9_stealth_drift_039,case9,stealth_drift,1,0.885233,7.333779,1
case9_stealth_drift_040,case9,stealth_drift,1,0.886019,7.486419,1
case9_stealth_drift_041,case9,stealth_drift,1,0.489276,7.227053,1
case9_stealth_drift_042,case9,stealth_drift,1,0.810054,7.314402,1
case9_stealth_drift_043,case9,stealth_drift,1,0.894278,7.477239,1
case9_stealth_drift_044,case9,stealth_drift,1,0.899044,7.628559,1
case9_stealth_drift_045,case9,stealth_drift,1,0.477032,7.342735,1
case9_stealth_drift_046,case9,stealth_drift,1,0.882693,7.491154,1
case9_stealth_drift_047,case9,stealth_drift,1,0.88487,7.626908,1
case9_stealth_drift_048,case9,stealth_drift,1,0.869231,7.733449,1
case9_stealth_drift_049,case9,stealth_drift,1,0.456675,7.416779,1
case9_stealth_drift_050,case9,stealth_drift,1,0.710719,7.38582,1
case9_stealth_drift_051,case9,stealth_drift,1,0.869122,7.51636,1
case9_stealth_drift_052,case9,stealth_drift,1,0.869179,7.633903,1
case9_stealth_drift_053,case9,stealth_drift,1,0.453133,7.323645,1
case9_stealth_drift_054,case9,stealth_drift,1,0.872792,7.464073,1
case9_stealth_drift_055,case9,stealth_drift,1,0.765429,7.483095,1
case9_stealth_drift_056,case9,stealth_drift,1,0.8646,7.599386,1
case9_stealth_drift_057,case9,stealth_drift,1,0.420245,7.259692,1
case9_stealth_drift_058,case9,stealth_drift,1,0.862653,7.396376,1
case9_stealth_drift_059,case9,stealth_drift,1,0.861636,7.518375,1
case14_baseline_000,case14,baseline,0,0.254304,0.254304,0
case14_baseline_001,case14,baseline,0,0.166863,0.395736,0
case14_baseline_002,case14,baseline,0,0.3785,0.734663,0
case14_baseline_003,case14,baseline,0,0.395431,1.056627,0
case14_baseline_004,case14,baseline,0,0.379947,1.330911,0
case14_baseline_005,case14,baseline,0,0.359267,1.557087,0
case14_baseline_006,case14,baseline,0,0.228846,1.630225,0
case14_baseline_007,case14,baseline,0,0.247672,1.714874,0
case14_baseline_008,case14,baseline,0,0.231356,1.774742,0
case14_baseline_009,case14,baseline,0,0.399518,1.996786,0
case14_baseline_010,case14,baseline,0,0.27954,2.076647,0
case14_baseline_011,case14,baseline,0,0.209174,2.078157,0
case14_baseline_012,case14,baseline,0,0.207394,2.077736,0
case14_baseline_013,case14,baseline,0,0.210652,2.080614,0
case14_baseline_014,case14,baseline,0,0.29939,2.171942,0
case14_baseline_015,case14,baseline,0,0.303087,2.257835,0
case14_baseline_016,case14,baseline,0,0.276017,2.308068,0
case14_baseline_017,case14,baseline,0,0.270695,2.347957,0
case14_baseline_018,case14,baseline,0,0.254477,2.367638,0
case14_baseline_019,case14,baseline,0,0.456627,2.587501,0
case14_baseline_020,case14,baseline,0,0.329281,2.658032,0
case14_baseline_021,case14,baseline,0,0.310409,2.702638,0
case14_baseline_022,case14,baseline,0,0.278289,2.710663,0
case14_baseline_023,case14,baseline,0,0.22735,2.666947,0
case14_baseline_024,case14,baseline,0,0.242738,2.642991,0
case14_baseline_025,case14,baseline,0,0.26007,2.638762,0
case14_baseline_026,case14,baseline,0,0.218802,2.593687,0
case14_baseline_027,case14,baseline,0,0.267074,2.601393,0
case14_baseline_028,case14,baseline,0,0.261876,2.60313,0
case14_baseline_029,case14,baseline,0,0.283385,2.626202,0
case14_baseline_030,case14,baseline,0,0.2916,2.655182,0
case14_baseline_031,case14,baseline,0,0.309297,2.69896,0
case14_baseline_032,case14,baseline,0,0.393196,2.82226,0
case14_baseline_033,case14,baseline,0,0.326976,2.86701,0
case14_baseline_034,case14,baseline,0,0.281408,2.861717,0
case14_baseline_035,case14,baseline,0,0.378912,2.954458,0
case14_baseline_036,case14,baseline,0,0.18914,2.848152,0
case14_baseline_037,case14,baseline,0,0.277525,2.840862,0
case14_baseline_038,case14,baseline,0,0.43314,2.989916,0
case14_baseline_039,case14,baseline,0,0.413528,3.104452,0
case14_baseline_040,case14,baseline,0,0.422325,3.216332,0
case14_baseline_041,case14,baseline,0,0.281389,3.176087,0
case14_baseline_042,case14,baseline,0,0.356543,3.215022,0
case14_baseline_043,case14,baseline,0,0.284957,3.178477,0
case14_baseline_044,case14,baseline,0,0.241774,3.102404,0
case14_baseline_045,case14,baseline,0,0.325255,3.117418,0
case14_baseline_046,case14,baseline,0,0.271017,3.076693,0
case14_baseline_047,case14,baseline,0,0.373632,3.142655,0
case14_baseline_048,case14,baseline,0,0.284337,3.112727,0
case14_baseline_049,case14,baseline,0,0.273812,3.075266,0
case14_baseline_050,case14,baseline,0,0.352576,3.120316,0
case14_baseline_051,case14,baseline,0,0.246781,3.055065,0
case14_baseline_052,case14,baseline,0,0.239583,2.989142,0
case14_baseline_053,case14,baseline,0,0.185026,2.875253,0
case14_baseline_054,case14,baseline,0,0.270527,2.858255,0
case14_baseline_055,case14,baseline,0,0.286853,2.859282,0
case14_baseline_056,case14,baseline,0,0.301155,2.874509,0
case14_baseline_057,case14,baseline,0,0.25771,2.844768,0
case14_baseline_058,case14,baseline,0,0.271722,2.832013,0
case14_baseline_059,case14,baseline,0,0.303334,2.852146,0
case14_branch_outage_000,case14,branch_outage,1,0.351532,2.918464,0
case14_branch_outage_001,case14,branch_outage,1,0.853965,3.480583,0
case14_branch_outage_002,case14,branch_outage,1,0.852067,3.984591,0
case14_branch_outage_003,case14,branch_outage,1,0.848562,4.434694,1
case14_branch_outage_004,case14,branch_outage,1,0.849942,4.841166,1
case14_branch_outage_005,case14,branch_outage,1,0.845883,5.202933,1
case14_branch_outage_006,case14,branch_outage,1,0.850033,5.532673,1
case14_branch_outage_007,case14,branch_outage,1,0.850903,5.830309,1
case14_branch_outage_008,case14,branch_outage,1,0.853025,6.100303,1
case14_branch_outage_009,case14,branch_outage,1,0.848835,6.339107,1
case14_branch_outage_010,case14,branch_outage,1,0.851328,6.556524,1
case14_branch_outage_011,case14,branch_outage,1,0.851746,6.752618,1
case14_branch_outage_012,case14,branch_outage,1,0.850215,6.927571,1
case14_branch_outage_013,case14,branch_outage,1,0.849274,7.084088,1
case14_branch_outage_014,case14,branch_outage,1,0.84768,7.22336,1
case14_branch_outage_015,case14,branch_outage,1,0.848002,7.349025,1
case14_branch_outage_016,case14,branch_outage,1,0.852275,7.466398,1
case14_branch_outage_017,case14,branch_outage,1,0.853774,7.573532,1
case14_branch_outage_018,case14,branch_outage,1,0.850976,7.667155,1
case14_branch_outage_019,case14,branch_outage,1,0.847069,7.747508,1
case14_branch_outage_020,case14,branch_outage,1,0.847836,7.820594,1
case14_branch_outage_021,case14,branch_outage,1,0.856204,7.894739,1
case14_branch_outage_022,case14,branch_outage,1,0.85424,7.959505,1
case14_branch_outage_023,case14,branch_outage,1,0.852801,8.016355,1
case14_branch_outage_024,case14,branch_outage,1,0.851729,8.066449,1
case14_branch_outage_025,case14,branch_outage,1,0.854194,8.113998,1
case14_branch_outage_026,case14,branch_outage,1,0.854428,8.157026,1
case14_branch_outage_027,case14,branch_outage,1,0.853798,8.195122,1
case14_branch_outage_028,case14,branch_outage,1,0.85026,8.225869,1
case14_branch_outage_029,case14,branch_outage,1,0.849567,8.25285,1
case14_branch_outage_030,case14,branch_outage,1,0.84921,8.276775,1
case14_branch_outage_031,case14,branch_outage,1,0.848441,8.297539,1
case14_branch_outage_032,case14,branch_outage,1,0.848248,8.316033,1
case14_branch_outage_033,case14,branch_outage,1,0.847507,8.331936,1
case14_branch_outage_034,case14,branch_outage,1,0.848463,8.347205,1
case14_branch_outage_035,case14,branch_outage,1,0.845004,8.357488,1
case14_branch_outage_036,case14,branch_outage,1,0.841528,8.363267,1
case14_branch_outage_037,case14,branch_outage,1,0.839022,8.365962,1
case14_branch_outage_038,case14,branch_outage,1,0.840764,8.37013,1
case14_branch_outage_039,case14,branch_outage,1,0.843525,8.376642,1
case14_branch_outage_040,case14,branch_outage,1,0.843377,8.382355,1
case14_branch_outage_041,case14,branch_outage,1,0.83726,8.381379,1
case14_branch_outage_042,case14,branch_outage,1,0.838465,8.381706,1
case14_branch_outage_043,case14,branch_outage,1,0.840022,8.383558,1
case14_branch_outage_044,case14,branch_outage,1,0.838703,8.383905,1
case14_branch_outage_045,case14,branch_outage,1,0.835577,8.381091,1
case14_branch_outage_046,case14,branch_outage,1,0.833148,8.37613,1
case14_branch_outage_047,case14,branch_outage,1,0.832429,8.370946,1
case14_branch_outage_048,case14,branch_outage,1,0.836579,8.37043,1
case14_branch_outage_049,case14,branch_outage,1,0.840593,8.37398,1
case14_branch_outage_050,case14,branch_outage,1,0.838641,8.375224,1
case14_branch_outage_051,case14,branch_outage,1,0.83826,8.375962,1
case14_branch_outage_052,case14,branch_outage,1,0.842104,8.38047,1
case14_branch_outage_053,case14,branch_outage,1,0.843851,8.386274,1
case14_branch_outage_054,case14,branch_outage,1,0.84282,8.390467,1
case14_branch_outage_055,case14,branch_outage,1,0.845471,8.396891,1
case14_branch_outage_056,case14,branch_outage,1,0.84815,8.405352,1
case14_branch_outage_057,case14,branch_outage,1,0.852507,8.417323,1
case14_branch_outage_058,case14,branch_outage,1,0.850389,8.42598,1
case14_branch_outage_059,case14,branch_outage,1,0.845988,8.42937,1
case14_fdia_000,case14,fdia,1,0.847603,8.434036,1
case14_fdia_001,case14,fdia,1,0.850442,8.441074,1
case14_fdia_002,case14,fdia,1,0.851145,8.448112,1
case14_fdia_003,case14,fdia,1,0.853171,8.456472,1
case14_fdia_004,case14,fdia,1,0.85684,8.467665,1
case14_fdia_005,case14,fdia,1,0.857349,8.478247,1
case14_fdia_006,case14,fdia,1,0.855571,8.485994,1
case14_fdia_007,case14,fdia,1,0.855315,8.492709,1
case14_fdia_008,case14,fdia,1,0.851735,8.495173,1
case14_fdia_009,case14,fdia,1,0.84809,8.493746,1
case14_fdia_010,case14,fdia,1,0.847793,8.492165,1
case14_fdia_011,case14,fdia,1,0.848461,8.491409,1
case14_fdia_012,case14,fdia,1,0.847705,8.489973,1
case14_fdia_013,case14,fdia,1,0.848041,8.489017,1
case14_fdia_014,case14,fdia,1,0.847444,8.487559,1
case14_fdia_015,case14,fdia,1,0.848095,8.486898,1
case14_fdia_016,case14,fdia,1,0.848239,8.486448,1
case14_fdia_017,case14,fdia,1,0.844869,8.482672,1
case14_fdia_018,case14,fdia,1,0.84528,8.479685,1
case14_fdia_019,case14,fdia,1,0.845805,8.477522,1
case14_fdia_020,case14,fdia,1,0.842972,8.472742,1
case14_fdia_021,case14,fdia,1,0.837393,8.462861,1
case14_fdia_022,case14,fdia,1,0.836915,8.45349,1
case14_fdia_023,case14,fdia,1,0.837395,8.445536,1
case14_fdia_024,case14,fdia,1,0.835333,8.436315,1
case14_fdia_025,case14,fdia,1,0.835326,8.42801,1
case14_fdia_026,case14,fdia,1,0.8401,8.425309,1
case14_fdia_027,case14,fdia,1,0.841276,8.424055,1
case14_fdia_028,case14,fdia,1,0.840951,8.422601,1
case14_fdia_029,case14,fdia,1,0.842755,8.423095,1
case14_fdia_030,case14,fdia,1,0.842648,8.423433,1
case14_fdia_031,case14,fdia,1,0.84205,8.42314,1
case14_fdia_032,case14,fdia,1,0.840661,8.421488,1
case14_fdia_033,case14,fdia,1,0.840397,8.419736,1
case14_fdia_034,case14,fdia,1,0.843654,8.421416,1
case14_fdia_035,case14,fdia,1,0.844186,8.42346,1
case14_fdia_036,case14,fdia,1,0.840444,8.421559,1
case14_fdia_037,case14,fdia,1,0.83965,8.419052,1
case14_fdia_038,case14,fdia,1,0.843359,8.420506,1
case14_fdia_039,case14,fdia,1,0.84298,8.421436,1
case14_fdia_040,case14,fdia,1,0.844922,8.424214,1
case14_fdia_041,case14,fdia,1,0.845667,8.42746,1
case14_fdia_042,case14,fdia,1,0.848463,8.433177,1
case14_fdia_043,case14,fdia,1,0.845008,8.434867,1
case14_fdia_044,case14,fdia,1,0.843333,8.434714,1
case14_fdia_045,case14,fdia,1,0.843177,8.43442,1
case14_fdia_046,case14,fdia,1,0.842914,8.433892,1
case14_fdia_047,case14,fdia,1,0.842464,8.432966,1
case14_fdia_048,case14,fdia,1,0.841371,8.431041,1
case14_fdia_049,case14,fdia,1,0.83976,8.427697,1
case14_fdia_050,case14,fdia,1,0.839279,8.424206,1
case14_fdia_051,case14,fdia,1,0.842817,8.424602,1
case14_fdia_052,case14,fdia,1,0.842342,8.424484,1
case14_fdia_053,case14,fdia,1,0.841038,8.423074,1
case14_fdia_054,case14,fdia,1,0.83712,8.417886,1
case14_fdia_055,case14,fdia,1,0.835718,8.411816,1
case14_fdia_056,case14,fdia,1,0.837095,8.40773,1
case14_fdia_057,case14,fdia,1,0.837337,8.404294,1
case14_fdia_058,case14,fdia,1,0.835391,8.399256,1
case14_fdia_059,case14,fdia,1,0.838107,8.397437,1
case14_load_shift_000,case14,load_shift,1,0.837971,8.395665,1
case14_load_shift_001,case14,load_shift,1,0.841567,8.397666,1
case14_load_shift_002,case14,load_shift,1,0.83696,8.394859,1
case14_load_shift_003,case14,load_shift,1,0.840112,8.395485,1
case14_load_shift_004,case14,load_shift,1,0.84206,8.397997,1
case14_load_shift_005,case14,load_shift,1,0.399977,7.958174,1
case14_load_shift_006,case14,load_shift,1,0.839832,8.002189,1
case14_load_shift_007,case14,load_shift,1,0.839199,8.04117,1
case14_load_shift_008,case14,load_shift,1,0.842906,8.079959,1
case14_load_shift_009,case14,load_shift,1,0.393399,7.665362,1
case14_load_shift_010,case14,load_shift,1,0.843909,7.742734,1
case14_load_shift_011,case14,load_shift,1,0.84389,7.812351,1
case14_load_shift_012,case14,load_shift,1,0.844046,7.875162,1
case14_load_shift_013,case14,load_shift,1,0.468163,7.555809,1
case14_load_shift_014,case14,load_shift,1,0.851134,7.651362,1
case14_load_shift_015,case14,load_shift,1,0.849169,7.735394,1
case14_load_shift_016,case14,load_shift,1,0.848455,7.81031,1
case14_load_shift_017,case14,load_shift,1,0.436255,7.465534,1
case14_load_shift_018,case14,load_shift,1,0.845572,7.564552,1
case14_load_shift_019,case14,load_shift,1,0.842917,7.651014,1
case14_load_shift_020,case14,load_shift,1,0.846915,7.732827,1
case14_load_shift_021,case14,load_shift,1,0.45801,7.417555,1
case14_load_shift_022,case14,load_shift,1,0.849879,7.525678,1
case14_load_shift_023,case14,load_shift,1,0.84681,7.61992,1
case14_load_shift_024,case14,load_shift,1,0.845704,7.703632,1
case14_load_shift_025,case14,load_shift,1,0.418262,7.351531,1
case14_load_shift_026,case14,load_shift,1,0.845135,7.461513,1
case14_load_shift_027,case14,load_shift,1,0.845029,7.560391,1
case14_load_shift_028,case14,load_shift,1,0.841681,7.646033,1
case14_load_shift_029,case14,load_shift,1,0.475411,7.356841,1
case14_load_shift_030,case14,load_shift,1,0.842374,7.463531,1
case14_load_shift_031,case14,load_shift,1,0.837361,7.554539,1
case14_load_shift_032,case14,load_shift,1,0.839039,7.638125,1
case14_load_shift_033,case14,load_shift,1,0.392086,7.266398,1
case14_load_shift_034,case14,load_shift,1,0.833149,7.372908,1
case14_load_shift_035,case14,load_shift,1,0.833307,7.468924,1
case14_load_shift_036,case14,load_shift,1,0.832981,7.555012,1
case14_load_shift_037,case14,load_shift,1,0.558749,7.35826,1
case14_load_shift_038,case14,load_shift,1,0.831964,7.454398,1
case14_load_shift_039,case14,load_shift,1,0.831049,7.540007,1
case14_load_shift_040,case14,load_shift,1,0.82535,7.611357,1
case14_load_shift_041,case14,load_shift,1,0.403675,7.253896,1
case14_load_shift_042,case14,load_shift,1,0.821597,7.350103,1
case14_load_shift_043,case14,load_shift,1,0.820875,7.435968,1
case14_load_shift_044,case14,load_shift,1,0.821762,7.514133,1
case14_load_shift_045,case14,load_shift,1,0.4976,7.26032,1
case14_load_shift_046,case14,load_shift,1,0.82202,7.356308,1
case14_load_shift_047,case14,load_shift,1,0.821417,7.442094,1
case14_load_shift_048,case14,load_shift,1,0.821807,7.519692,1
case14_load_shift_049,case14,load_shift,1,0.411239,7.178962,1
case14_load_shift_050,case14,load_shift,1,0.824926,7.285991,1
case14_load_shift_051,case14,load_shift,1,0.825132,7.382524,1
case14_load_shift_052,case14,load_shift,1,0.826335,7.470606,1
case14_load_shift_053,case14,load_shift,1,0.384321,7.107866,1
case14_load_shift_054,case14,load_shift,1,0.827348,7.224427,1
case14_load_shift_055,case14,load_shift,1,0.829709,7.331693,1
case14_load_shift_056,case14,load_shift,1,0.829756,7.428279,1
case14_load_shift_057,case14,load_shift,1,0.465061,7.150512,1
case14_load_shift_058,case14,load_shift,1,0.831596,7.267057,1
case14_load_shift_059,case14,load_shift,1,0.832877,7.373228,1
case14_stealth_drift_000,case14,stealth_drift,1,0.834333,7.470239,1
case14_stealth_drift_001,case14,stealth_drift,1,0.834288,7.557503,1
case14_stealth_drift_002,case14,stealth_drift,1,0.836217,7.637969,1
case14_stealth_drift_003,case14,stealth_drift,1,0.839042,7.713214,1
case14_stealth_drift_004,case14,stealth_drift,1,0.838182,7.780075,1
case14_stealth_drift_005,case14,stealth_drift,1,0.45959,7.461657,1
case14_stealth_drift_006,case14,stealth_drift,1,0.55584,7.271331,1
case14_stealth_drift_007,case14,stealth_drift,1,0.838151,7.382349,1
case14_stealth_drift_008,case14,stealth_drift,1,0.840072,7.484187,1
case14_stealth_drift_009,case14,stealth_drift,1,0.454442,7.19021,1
case14_stealth_drift_010,case14,stealth_drift,1,0.842892,7.314081,1
case14_stealth_drift_011,case14,stealth_drift,1,0.848566,7.431239,1
case14_stealth_drift_012,case14,stealth_drift,1,0.849562,7.537677,1
case14_stealth_drift_013,case14,stealth_drift,1,0.409254,7.193164,1
case14_stealth_drift_014,case14,stealth_drift,1,0.84686,7.320707,1
case14_stealth_drift_015,case14,stealth_drift,1,0.844523,7.43316,1
case14_stealth_drift_016,case14,stealth_drift,1,0.851246,7.541089,1
case14_stealth_drift_017,case14,stealth_drift,1,0.42197,7.208951,1
case14_stealth_drift_018,case14,stealth_drift,1,0.717049,7.205104,1
case14_stealth_drift_019,case14,stealth_drift,1,0.858426,7.34302,1
case14_stealth_drift_020,case14,stealth_drift,1,0.858321,7.467038,1
case14_stealth_drift_021,case14,stealth_drift,1,0.473719,7.194053,1
case14_stealth_drift_022,case14,stealth_drift,1,0.854281,7.328929,1
case14_stealth_drift_023,case14,stealth_drift,1,0.853713,7.449749,1
case14_stealth_drift_024,case14,stealth_drift,1,0.864196,7.568971,1
case14_stealth_drift_025,case14,stealth_drift,1,0.495607,7.307681,1
case14_stealth_drift_026,case14,stealth_drift,1,0.877291,7.454204,1
case14_stealth_drift_027,case14,stealth_drift,1,0.891703,7.600487,1
case14_stealth_drift_028,case14,stealth_drift,1,0.902557,7.742995,1
case14_stealth_drift_029,case14,stealth_drift,1,0.531402,7.500097,1
case14_stealth_drift_030,case14,stealth_drift,1,0.907428,7.657516,1
case14_stealth_drift_031,case14,stealth_drift,1,0.904754,7.796518,1
case14_stealth_drift_032,case14,stealth_drift,1,0.901271,7.918137,1
case14_stealth_drift_033,case14,stealth_drift,1,0.500694,7.627017,1
case14_stealth_drift_034,case14,stealth_drift,1,0.784106,7.648422,1
case14_stealth_drift_035,case14,stealth_drift,1,0.913508,7.797088,1
case14_stealth_drift_036,case14,stealth_drift,1,0.908376,7.925755,1
case14_stealth_drift_037,case14,stealth_drift,1,0.46456,7.597739,1
case14_stealth_drift_038,case14,stealth_drift,1,0.778798,7.616763,1
case14_stealth_drift_039,case14,stealth_drift,1,0.862955,7.718041,1
case14_stealth_drift_040,case14,stealth_drift,1,0.914419,7.860656,1
case14_stealth_drift_041,case14,stealth_drift,1,0.496447,7.571037,1
case14_stealth_drift_042,case14,stealth_drift,1,0.767152,7.581086,1
case14_stealth_drift_043,case14,stealth_drift,1,0.918994,7.741971,1
case14_stealth_drift_044,case14,stealth_drift,1,0.911008,7.878782,1
case14_stealth_drift_045,case14,stealth_drift,1,0.467016,7.557919,1
case14_stealth_drift_046,case14,stealth_drift,1,0.554457,7.356584,1
case14_stealth_drift_047,case14,stealth_drift,1,0.886102,7.507028,1
case14_stealth_drift_048,case14,stealth_drift,1,0.872763,7.629088,1
case14_stealth_drift_049,case14,stealth_drift,1,0.466534,7.332713,1
case14_stealth_drift_050,case14,stealth_drift,1,0.717766,7.317208,1
case14_stealth_drift_051,case14,stealth_drift,1,0.864729,7.450216,1
case14_stealth_drift_052,case14,stealth_drift,1,0.862955,7.56815,1
case14_stealth_drift_053,case14,stealth_drift,1,0.431737,7.243072,1
case14_stealth_drift_054,case14,stealth_drift,1,0.610412,7.129177,1
case14_stealth_drift_055,case14,stealth_drift,1,0.865733,7.281992,1
case14_stealth_drift_056,case14,stealth_drift,1,0.865025,7.418817,1
case14_stealth_drift_057,case14,stealth_drift,1,0.477846,7.154782,1
case14_stealth_drift_058,case14,stealth_drift,1,0.632107,7.07141,1
case14_stealth_drift_059,case14,stealth_drift,1,0.852391,7.21666,1
case30_baseline_000,case30,baseline,0,0.229768,0.229768,0
case30_baseline_001,case30,baseline,0,0.275508,0.4823,0
case30_baseline_002,case30,baseline,0,0.265234,0.699304,0
case30_baseline_003,case30,baseline,0,0.343483,0.972856,0
case30_baseline_004,case30,baseline,0,0.358464,1.234035,0
case30_baseline_005,case30,baseline,0,0.418588,1.52922,0
case30_baseline_006,case30,baseline,0,0.37899,1.755288,0
case30_baseline_007,case30,baseline,0,0.340878,1.920637,0
case30_baseline_008,case30,baseline,0,0.39752,2.126093,0
case30_baseline_009,case30,baseline,0,0.3937,2.307184,0
case30_baseline_010,case30,baseline,0,0.314361,2.390827,0
case30_baseline_011,case30,baseline,0,0.395167,2.546911,0
case30_baseline_012,case30,baseline,0,0.378751,2.670971,0
case30_baseline_013,case30,baseline,0,0.346556,2.750431,0
case30_baseline_014,case30,baseline,0,0.259749,2.735137,0
case30_baseline_015,case30,baseline,0,0.286791,2.748414,0
case30_baseline_016,case30,baseline,0,0.343357,2.81693,0
case30_baseline_017,case30,baseline,0,0.350599,2.885836,0
case30_baseline_018,case30,baseline,0,0.388294,2.985547,0
case30_baseline_019,case30,baseline,0,0.326271,3.013263,0
case30_baseline_020,case30,baseline,0,0.248706,2.960642,0
case30_baseline_021,case30,baseline,0,0.346173,3.010751,0
case30_baseline_022,case30,baseline,0,0.247729,2.957404,0
case30_baseline_023,case30,baseline,0,0.3642,3.025864,0
case30_baseline_024,case30,baseline,0,0.382417,3.105695,0
case30_baseline_025,case30,baseline,0,0.31188,3.107006,0
case30_baseline_026,case30,baseline,0,0.255654,3.051959,0
case30_baseline_027,case30,baseline,0,0.291427,3.038191,0
case30_baseline_028,case30,baseline,0,0.289983,3.024355,0
case30_baseline_029,case30,baseline,0,0.284034,3.005953,0
case30_baseline_030,case30,baseline,0,0.365446,3.070804,0
case30_baseline_031,case30,baseline,0,0.40111,3.164833,0
case30_baseline_032,case30,baseline,0,0.370127,3.218477,0
case30_baseline_033,case30,baseline,0,0.347756,3.244385,0
case30_baseline_034,case30,baseline,0,0.25899,3.178937,0
case30_baseline_035,case30,baseline,0,0.272471,3.133514,0
case30_baseline_036,case30,baseline,0,0.300281,3.120444,0
case30_baseline_037,case30,baseline,0,0.298182,3.106581,0
case30_baseline_038,case30,baseline,0,0.275357,3.07128,0
case30_baseline_039,case30,baseline,0,0.273391,3.037543,0
case30_baseline_040,case30,baseline,0,0.223817,2.957605,0
case30_baseline_041,case30,baseline,0,0.272551,2.934395,0
case30_baseline_042,case30,baseline,0,0.270711,2.911667,0
case30_baseline_043,case30,baseline,0,0.334417,2.954917,0
case30_baseline_044,case30,baseline,0,0.334228,2.993653,0
case30_baseline_045,case30,baseline,0,0.342899,3.037187,0
case30_baseline_046,case30,baseline,0,0.431898,3.165367,0
case30_baseline_047,case30,baseline,0,0.381299,3.230128,0
case30_baseline_048,case30,baseline,0,0.268286,3.175401,0
case30_baseline_049,case30,baseline,0,0.418712,3.276573,0
case30_baseline_050,case30,baseline,0,0.475083,3.423999,0
case30_baseline_051,case30,baseline,0,0.337384,3.418982,0
case30_baseline_052,case30,baseline,0,0.372125,3.449209,0
case30_baseline_053,case30,baseline,0,0.368412,3.4727,0
case30_baseline_054,case30,baseline,0,0.320593,3.446023,0
case30_baseline_055,case30,baseline,0,0.265515,3.366936,0
case30_baseline_056,case30,baseline,0,0.358451,3.388694,0
case30_baseline_057,case30,baseline,0,0.268772,3.318596,0
case30_baseline_058,case30,baseline,0,0.340634,3.32737,0
case30_baseline_059,case30,baseline,0,0.389528,3.384161,0
case30_branch_outage_000,case30,branch_outage,1,0.394919,3.440664,0
case30_branch_outage_001,case30,branch_outage,1,0.836976,3.933574,0
case30_branch_outage_002,case30,branch_outage,1,0.837094,4.377311,0
case30_branch_outage_003,case30,branch_outage,1,0.841867,4.781447,0
case30_branch_outage_004,case30,branch_outage,1,0.840351,5.143653,1
case30_branch_outage_005,case30,branch_outage,1,0.842561,5.471849,1
case30_branch_outage_006,case30,branch_outage,1,0.842792,5.767456,1
case30_branch_outage_007,case30,branch_outage,1,0.842835,6.033545,1
case30_branch_outage_008,case30,branch_outage,1,0.840196,6.270387,1
case30_branch_outage_009,case30,branch_outage,1,0.839107,6.482455,1
case30_branch_outage_010,case30,branch_outage,1,0.836926,6.671136,1
case30_branch_outage_011,case30,branch_outage,1,0.838396,6.842419,1
case30_branch_outage_012,case30,branch_outage,1,0.837199,6.995376,1
case30_branch_outage_013,case30,branch_outage,1,0.833926,7.129764,1
case30_branch_outage_014,case30,branch_outage,1,0.837104,7.253892,1
case30_branch_outage_015,case30,branch_outage,1,0.839429,7.367932,1
case30_branch_outage_016,case30,branch_outage,1,0.840813,7.471951,1
case30_branch_outage_017,case30,branch_outage,1,0.840586,7.565342,1
case30_branch_outage_018,case30,branch_outage,1,0.838845,7.647653,1
case30_branch_outage_019,case30,branch_outage,1,0.840229,7.723117,1
case30_branch_outage_020,case30,branch_outage,1,0.840529,7.791334,1
case30_branch_outage_021,case30,branch_outage,1,0.841547,7.853748,1
case30_branch_outage_022,case30,branch_outage,1,0.843381,7.911754,1
case30_branch_outage_023,case30,branch_outage,1,0.839295,7.959873,1
case30_branch_outage_024,case30,branch_outage,1,0.839032,8.002918,1
case30_branch_outage_025,case30,branch_outage,1,0.837133,8.039759,1
case30_branch_outage_026,case30,branch_outage,1,0.835772,8.071555,1
case30_branch_outage_027,case30,branch_outage,1,0.839255,8.103654,1
case30_branch_outage_028,case30,branch_outage,1,0.840641,8.13393,1
case30_branch_outage_029,case30,branch_outage,1,0.844217,8.164754,1
case30_branch_outage_030,case30,branch_outage,1,0.845149,8.193427,1
case30_branch_outage_031,case30,branch_outage,1,0.846563,8.220647,1
case30_branch_outage_032,case30,branch_outage,1,0.846537,8.24512,1
case30_branch_outage_033,case30,branch_outage,1,0.850493,8.271101,1
case30_branch_outage_034,case30,branch_outage,1,0.84627,8.290261,1
case30_branch_outage_035,case30,branch_outage,1,0.845337,8.306571,1
case30_branch_outage_036,case30,branch_outage,1,0.843883,8.319797,1
case30_branch_outage_037,case30,branch_outage,1,0.839381,8.327198,1
case30_branch_outage_038,case30,branch_outage,1,0.840688,8.335166,1
case30_branch_outage_039,case30,branch_outage,1,0.842001,8.34365,1
case30_branch_outage_040,case30,branch_outage,1,0.844787,8.354072,1
case30_branch_outage_041,case30,branch_outage,1,0.842101,8.360766,1
case30_branch_outage_042,case30,branch_outage,1,0.840128,8.364818,1
case30_branch_outage_043,case30,branch_outage,1,0.83963,8.367966,1
case30_branch_outage_044,case30,branch_outage,1,0.837075,8.368245,1
case30_branch_outage_045,case30,branch_outage,1,0.838733,8.370154,1
case30_branch_outage_046,case30,branch_outage,1,0.839985,8.373123,1
case30_branch_outage_047,case30,branch_outage,1,0.838142,8.373953,1
case30_branch_outage_048,case30,branch_outage,1,0.836307,8.372865,1
case30_branch_outage_049,case30,branch_outage,1,0.835327,8.370905,1
case30_branch_outage_050,case30,branch_outage,1,0.834031,8.367846,1
case30_branch_outage_051,case30,branch_outage,1,0.831819,8.36288,1
case30_branch_outage_052,case30,branch_outage,1,0.835399,8.361991,1
case30_branch_outage_053,case30,branch_outage,1,0.833454,8.359246,1
case30_branch_outage_054,case30,branch_outage,1,0.835311,8.358632,1
case30_branch_outage_055,case30,branch_outage,1,0.837118,8.359887,1
case30_branch_outage_056,case30,branch_outage,1,0.837817,8.361715,1
case30_branch_outage_057,case30,branch_outage,1,0.837101,8.362645,1
case30_branch_outage_058,case30,branch_outage,1,0.83558,8.36196,1
case30_branch_outage_059,case30,branch_outage,1,0.834716,8.36048,1
case30_fdia_000,case30,fdia,1,0.83413,8.358562,1
case30_fdia_001,case30,fdia,1,0.834954,8.35766,1
case30_fdia_002,case30,fdia,1,0.83686,8.358754,1
case30_fdia_003,case30,fdia,1,0.837133,8.360011,1
case30_fdia_004,case30,fdia,1,0.839015,8.363024,1
case30_fdia_005,case30,fdia,1,0.840579,8.367301,1
case30_fdia_006,case30,fdia,1,0.838534,8.369104,1
case30_fdia_007,case30,fdia,1,0.837867,8.370061,1
case30_fdia_008,case30,fdia,1,0.839801,8.372856,1
case30_fdia_009,case30,fdia,1,0.838831,8.374401,1
case30_fdia_010,case30,fdia,1,0.840691,8.377653,1
case30_fdia_011,case30,fdia,1,0.840224,8.380111,1
case30_fdia_012,case30,fdia,1,0.836906,8.379006,1
case30_fdia_013,case30,fdia,1,0.835958,8.377063,1
case30_fdia_014,case30,fdia,1,0.837964,8.377321,1
case30_fdia_015,case30,fdia,1,0.834718,8.374307,1
case30_fdia_016,case30,fdia,1,0.835337,8.372213,1
case30_fdia_017,case30,fdia,1,0.835058,8.37005,1
case30_fdia_018,case30,fdia,1,0.834582,8.367627,1
case30_fdia_019,case30,fdia,1,0.836808,8.367673,1
case30_fdia_020,case30,fdia,1,0.838126,8.369031,1
case30_fdia_021,case30,fdia,1,0.839376,8.371504,1
case30_fdia_022,case30,fdia,1,0.839666,8.37402,1
case30_fdia_023,case30,fdia,1,0.840507,8.377125,1
case30_fdia_024,case30,fdia,1,0.839094,8.378506,1
case30_fdia_025,case30,fdia,1,0.836655,8.377311,1
case30_fdia_026,case30,fdia,1,0.836849,8.376429,1
case30_fdia_027,case30,fdia,1,0.83684,8.375626,1
case30_fdia_028,case30,fdia,1,0.836656,8.374719,1
case30_fdia_029,case30,fdia,1,0.835113,8.37236,1
case30_fdia_030,case30,fdia,1,0.835335,8.370459,1
case30_fdia_031,case30,fdia,1,0.835377,8.36879,1
case30_fdia_032,case30,fdia,1,0.836457,8.368368,1
case30_fdia_033,case30,fdia,1,0.837437,8.368968,1
case30_fdia_034,case30,fdia,1,0.837603,8.369675,1
case30_fdia_035,case30,fdia,1,0.838848,8.371555,1
case30_fdia_036,case30,fdia,1,0.841233,8.375632,1
case30_fdia_037,case30,fdia,1,0.841485,8.379554,1
case30_fdia_038,case30,fdia,1,0.842395,8.383994,1
case30_fdia_039,case30,fdia,1,0.839109,8.384704,1
case30_fdia_040,case30,fdia,1,0.838858,8.385091,1
case30_fdia_041,case30,fdia,1,0.837756,8.384339,1
case30_fdia_042,case30,fdia,1,0.835837,8.381741,1
case30_fdia_043,case30,fdia,1,0.837016,8.380583,1
case30_fdia_044,case30,fdia,1,0.836712,8.379237,1
case30_fdia_045,case30,fdia,1,0.835776,8.377089,1
case30_fdia_046,case30,fdia,1,0.836724,8.376105,1
case30_fdia_047,case30,fdia,1,0.836473,8.374967,1
case30_fdia_048,case30,fdia,1,0.837174,8.374644,1
case30_fdia_049,case30,fdia,1,0.839089,8.376268,1
case30_fdia_050,case30,fdia,1,0.839127,8.377768,1
case30_fdia_051,case30,fdia,1,0.841477,8.381468,1
case30_fdia_052,case30,fdia,1,0.841466,8.384787,1
case30_fdia_053,case30,fdia,1,0.842306,8.388614,1
case30_fdia_054,case30,fdia,1,0.841839,8.391592,1
case30_fdia_055,case30,fdia,1,0.845043,8.397476,1
case30_fdia_056,case30,fdia,1,0.843302,8.40103,1
case30_fdia_057,case30,fdia,1,0.844413,8.405341,1
case30_fdia_058,case30,fdia,1,0.845589,8.410396,1
case30_fdia_059,case30,fdia,1,0.845004,8.41436,1
case30_load_shift_000,case30,load_shift,1,0.841681,8.414605,1
case30_load_shift_001,case30,load_shift,1,0.844685,8.417829,1
case30_load_shift_002,case30,load_shift,1,0.844229,8.420275,1
case30_load_shift_003,case30,load_shift,1,0.84354,8.421788,1
case30_load_shift_004,case30,load_shift,1,0.844278,8.423887,1
case30_load_shift_005,case30,load_shift,1,0.436656,8.018154,1
case30_load_shift_006,case30,load_shift,1,0.846293,8.062632,1
case30_load_shift_007,case30,load_shift,1,0.848762,8.105131,1
case30_load_shift_008,case30,load_shift,1,0.849148,8.143766,1
case30_load_shift_009,case30,load_shift,1,0.474075,7.803465,1
case30_load_shift_010,case30,load_shift,1,0.851296,7.874414,1
case30_load_shift_011,case30,load_shift,1,0.848653,7.935626,1
case30_load_shift_012,case30,load_shift,1,0.84725,7.989314,1
case30_load_shift_013,case30,load_shift,1,0.473287,7.663669,1
case30_load_shift_014,case30,load_shift,1,0.78114,7.678442,1
case30_load_shift_015,case30,load_shift,1,0.835401,7.745999,1
case30_load_shift_016,case30,load_shift,1,0.836243,7.807642,1
case30_load_shift_017,case30,load_shift,1,0.492835,7.519713,1
case30_load_shift_018,case30,load_shift,1,0.837118,7.604859,1
case30_load_shift_019,case30,load_shift,1,0.839805,7.684179,1
case30_load_shift_020,case30,load_shift,1,0.84037,7.756131,1
case30_load_shift_021,case30,load_shift,1,0.478255,7.458772,1
case30_load_shift_022,case30,load_shift,1,0.837069,7.549964,1
case30_load_shift_023,case30,load_shift,1,0.834951,7.629919,1
case30_load_shift_024,case30,load_shift,1,0.833843,7.70077,1
case30_load_shift_025,case30,load_shift,1,0.440133,7.370826,1
case30_load_shift_026,case30,load_shift,1,0.835134,7.468877,1
case30_load_shift_027,case30,load_shift,1,0.833861,7.555851,1
case30_load_shift_028,case30,load_shift,1,0.832678,7.632944,1
case30_load_shift_029,case30,load_shift,1,0.422084,7.291733,1
case30_load_shift_030,case30,load_shift,1,0.82689,7.38945,1
case30_load_shift_031,case30,load_shift,1,0.828101,7.478606,1
case30_load_shift_032,case30,load_shift,1,0.82748,7.558226,1
case30_load_shift_033,case30,load_shift,1,0.480033,7.282436,1
case30_load_shift_034,case30,load_shift,1,0.827527,7.381719,1
case30_load_shift_035,case30,load_shift,1,0.828153,7.4717,1
case30_load_shift_036,case30,load_shift,1,0.8268,7.55133,1
case30_load_shift_037,case30,load_shift,1,0.509664,7.305861,1
case30_load_shift_038,case30,load_shift,1,0.826968,7.402243,1
case30_load_shift_039,case30,load_shift,1,0.825585,7.487603,1
case30_load_shift_040,case30,load_shift,1,0.826266,7.565109,1
case30_load_shift_041,case30,load_shift,1,0.510218,7.318816,1
case30_load_shift_042,case30,load_shift,1,0.826812,7.413746,1
case30_load_shift_043,case30,load_shift,1,0.830881,7.503253,1
case30_load_shift_044,case30,load_shift,1,0.830991,7.583918,1
case30_load_shift_045,case30,load_shift,1,0.411717,7.237244,1
case30_load_shift_046,case30,load_shift,1,0.827215,7.340735,1
case30_load_shift_047,case30,load_shift,1,0.825956,7.432618,1
case30_load_shift_048,case30,load_shift,1,0.827025,7.51638,1
case30_load_shift_049,case30,load_shift,1,0.511345,7.276088,1
case30_load_shift_050,case30,load_shift,1,0.828704,7.377183,1
case30_load_shift_051,case30,load_shift,1,0.828788,7.468252,1
case30_load_shift_052,case30,load_shift,1,0.828525,7.549952,1
case30_load_shift_053,case30,load_shift,1,0.440128,7.235085,1
case30_load_shift_054,case30,load_shift,1,0.834249,7.345826,1
case30_load_shift_055,case30,load_shift,1,0.835463,7.446706,1
case30_load_shift_056,case30,load_shift,1,0.834951,7.536986,1
case30_load_shift_057,case30,load_shift,1,0.500097,7.283384,1
case30_load_shift_058,case30,load_shift,1,0.833002,7.388047,1
case30_load_shift_059,case30,load_shift,1,0.833686,7.482928,1
case30_stealth_drift_000,case30,stealth_drift,1,0.8333,7.567935,1
case30_stealth_drift_001,case30,stealth_drift,1,0.836084,7.647226,1
case30_stealth_drift_002,case30,stealth_drift,1,0.836367,7.71887,1
case30_stealth_drift_003,case30,stealth_drift,1,0.83242,7.779403,1
case30_stealth_drift_004,case30,stealth_drift,1,0.834854,7.836317,1
case30_stealth_drift_005,case30,stealth_drift,1,0.512585,7.565269,1
case30_stealth_drift_006,case30,stealth_drift,1,0.776658,7.585401,1
case30_stealth_drift_007,case30,stealth_drift,1,0.8805,7.707361,1
case30_stealth_drift_008,case30,stealth_drift,1,0.886869,7.823494,1
case30_stealth_drift_009,case30,stealth_drift,1,0.482056,7.523201,1
case30_stealth_drift_010,case30,stealth_drift,1,0.901133,7.672014,1
case30_stealth_drift_011,case30,stealth_drift,1,0.795913,7.700726,1
case30_stealth_drift_012,case30,stealth_drift,1,0.902484,7.833137,1
case30_stealth_drift_013,case30,stealth_drift,1,0.457022,7.506845,1
case30_stealth_drift_014,case30,stealth_drift,1,0.904547,7.660708,1
case30_stealth_drift_015,case30,stealth_drift,1,0.903551,7.798188,1
case30_stealth_drift_016,case30,stealth_drift,1,0.906394,7.924763,1
case30_stealth_drift_017,case30,stealth_drift,1,0.509009,7.641296,1
case30_stealth_drift_018,case30,stealth_drift,1,0.91175,7.788916,1
case30_stealth_drift_019,case30,stealth_drift,1,0.915077,7.925101,1
case30_stealth_drift_020,case30,stealth_drift,1,0.938093,8.070684,1
case30_stealth_drift_021,case30,stealth_drift,1,0.513228,7.776843,1
case30_stealth_drift_022,case30,stealth_drift,1,0.916515,7.915674,1
case30_stealth_drift_023,case30,stealth_drift,1,0.90342,8.027527,1
case30_stealth_drift_024,case30,stealth_drift,1,0.936403,8.161177,1
case30_stealth_drift_025,case30,stealth_drift,1,0.599323,7.944383,1
case30_stealth_drift_026,case30,stealth_drift,1,0.892601,8.042546,1
case30_stealth_drift_027,case30,stealth_drift,1,0.90122,8.139511,1
case30_stealth_drift_028,case30,stealth_drift,1,0.893396,8.218956,1
case30_stealth_drift_029,case30,stealth_drift,1,0.475254,7.872314,1
case30_stealth_drift_030,case30,stealth_drift,1,0.78865,7.873733,1
case30_stealth_drift_031,case30,stealth_drift,1,0.880171,7.966531,1
case30_stealth_drift_032,case30,stealth_drift,1,0.880275,8.050153,1
case30_stealth_drift_033,case30,stealth_drift,1,0.47518,7.720318,1
case30_stealth_drift_034,case30,stealth_drift,1,0.874853,7.823138,1
case30_stealth_drift_035,case30,stealth_drift,1,0.874743,7.915567,1
case30_stealth_drift_036,case30,stealth_drift,1,0.870712,7.994723,1
case30_stealth_drift_037,case30,stealth_drift,1,0.497835,7.693086,1
case30_stealth_drift_038,case30,stealth_drift,1,0.805927,7.729704,1
case30_stealth_drift_039,case30,stealth_drift,1,0.872938,7.829671,1
case30_stealth_drift_040,case30,stealth_drift,1,0.854142,7.900846,1
case30_stealth_drift_041,case30,stealth_drift,1,0.45389,7.564652,1
case30_stealth_drift_042,case30,stealth_drift,1,0.875451,7.683637,1
case30_stealth_drift_043,case30,stealth_drift,1,0.875131,7.790405,1
case30_stealth_drift_044,case30,stealth_drift,1,0.880193,7.891557,1
case30_stealth_drift_045,case30,stealth_drift,1,0.488324,7.590725,1
case30_stealth_drift_046,case30,stealth_drift,1,0.599859,7.431512,1
case30_stealth_drift_047,case30,stealth_drift,1,0.887347,7.575707,1
case30_stealth_drift_048,case30,stealth_drift,1,0.887706,7.705842,1
case30_stealth_drift_049,case30,stealth_drift,1,0.475632,7.41089,1
case30_stealth_drift_050,case30,stealth_drift,1,0.832685,7.502486,1
case30_stealth_drift_051,case30,stealth_drift,1,0.891505,7.643743,1
case30_stealth_drift_052,case30,stealth_drift,1,0.89264,7.772009,1
case30_stealth_drift_053,case30,stealth_drift,1,0.462859,7.457666,1
case30_stealth_drift_054,case30,stealth_drift,1,0.596495,7.308394,1
case30_stealth_drift_055,case30,stealth_drift,1,0.89226,7.469815,1
case30_stealth_drift_056,case30,stealth_drift,1,0.898547,7.62138,1
case30_stealth_drift_057,case30,stealth_drift,1,0.487482,7.346724,1
case30_stealth_drift_058,case30,stealth_drift,1,0.674892,7.286943,1
case30_stealth_drift_059,case30,stealth_drift,1,0.890253,7.448502,1
case118_baseline_000,case118,baseline,0,0.390912,0.390912,0
case118_baseline_001,case118,baseline,0,0.352673,0.704494,0
case118_baseline_002,case118,baseline,0,0.428588,1.062632,0
case118_baseline_003,case118,baseline,0,0.347219,1.303588,0
case118_baseline_004,case118,baseline,0,0.420282,1.593511,0
case118_baseline_005,case118,baseline,0,0.408498,1.842658,0
case118_baseline_006,case118,baseline,0,0.365531,2.023924,0
case118_baseline_007,case118,baseline,0,0.339102,2.160634,0
case118_baseline_008,case118,baseline,0,0.338585,2.283155,0
case118_baseline_009,case118,baseline,0,0.372868,2.427708,0
case118_baseline_010,case118,baseline,0,0.442437,2.627374,0
case118_baseline_011,case118,baseline,0,0.395471,2.760108,0
case118_baseline_012,case118,baseline,0,0.452931,2.937027,0
case118_baseline_013,case118,baseline,0,0.352245,2.99557,0
case118_baseline_014,case118,baseline,0,0.465178,3.161191,0
case118_baseline_015,case118,baseline,0,0.303355,3.148427,0
case118_baseline_016,case118,baseline,0,0.326404,3.159989,0
case118_baseline_017,case118,baseline,0,0.356706,3.200695,0
case118_baseline_018,case118,baseline,0,0.420849,3.301475,0
case118_baseline_019,case118,baseline,0,0.382585,3.353912,0
case118_baseline_020,case118,baseline,0,0.359071,3.377592,0
case118_baseline_021,case118,baseline,0,0.386828,3.426661,0
case118_baseline_022,case118,baseline,0,0.369091,3.453085,0
case118_baseline_023,case118,baseline,0,0.371454,3.479231,0
case118_baseline_024,case118,baseline,0,0.390102,3.52141,0
case118_baseline_025,case118,baseline,0,0.332934,3.502203,0
case118_baseline_026,case118,baseline,0,0.407956,3.559938,0
case118_baseline_027,case118,baseline,0,0.422867,3.626812,0
case118_baseline_028,case118,baseline,0,0.423137,3.687268,0
case118_baseline_029,case118,baseline,0,0.411672,3.730213,0
case118_baseline_030,case118,baseline,0,0.422928,3.78012,0
case118_baseline_031,case118,baseline,0,0.435644,3.837752,0
case118_baseline_032,case118,baseline,0,0.400501,3.854477,0
case118_baseline_033,case118,baseline,0,0.332746,3.801775,0
case118_baseline_034,case118,baseline,0,0.350798,3.772396,0
case118_baseline_035,case118,baseline,0,0.381164,3.776321,0
case118_baseline_036,case118,baseline,0,0.373923,3.772612,0
case118_baseline_037,case118,baseline,0,0.36707,3.762421,0
case118_baseline_038,case118,baseline,0,0.425202,3.811381,0
case118_baseline_039,case118,baseline,0,0.46645,3.896694,0
case118_baseline_040,case118,baseline,0,0.448062,3.955086,0
case118_baseline_041,case118,baseline,0,0.485284,4.044862,0
case118_baseline_042,case118,baseline,0,0.387613,4.027989,0
case118_baseline_043,case118,baseline,0,0.408264,4.033454,0
case118_baseline_044,case118,baseline,0,0.37096,4.001069,0
case118_baseline_045,case118,baseline,0,0.361944,3.962907,0
case118_baseline_046,case118,baseline,0,0.341157,3.907773,0
case118_baseline_047,case118,baseline,0,0.377823,3.894819,0
case118_baseline_048,case118,baseline,0,0.322959,3.828296,0
case118_baseline_049,case118,baseline,0,0.359856,3.805322,0
case118_baseline_050,case118,baseline,0,0.373499,3.79829,0
case118_baseline_051,case118,baseline,0,0.38324,3.801701,0
case118_baseline_052,case118,baseline,0,0.363537,3.785068,0
case118_baseline_053,case118,baseline,0,0.437862,3.844423,0
case118_baseline_054,case118,baseline,0,0.407143,3.867124,0
case118_baseline_055,case118,baseline,0,0.373791,3.854203,0
case118_baseline_056,case118,baseline,0,0.416671,3.885453,0
case118_baseline_057,case118,baseline,0,0.434475,3.931383,0
case118_baseline_058,case118,baseline,0,0.369551,3.907795,0
case118_baseline_059,case118,baseline,0,0.370264,3.88728,0
case118_branch_outage_000,case118,branch_outage,1,0.560976,4.059528,0
case118_branch_outage_001,case118,branch_outage,1,0.849907,4.503483,0
case118_branch_outage_002,case118,branch_outage,1,0.850297,4.903432,0
case118_branch_outage_003,case118,branch_outage,1,0.850704,5.263793,0
case118_branch_outage_004,case118,branch_outage,1,0.846244,5.583657,1
case118_branch_outage_005,case118,branch_outage,1,0.847742,5.873033,1
case118_branch_outage_006,case118,branch_outage,1,0.848785,6.134515,1
case118_branch_outage_007,case118,branch_outage,1,0.846066,6.367129,1
case118_branch_outage_008,case118,branch_outage,1,0.847052,6.577468,1
case118_branch_outage_009,case118,branch_outage,1,0.846808,6.766529,1
case118_branch_outage_010,case118,branch_outage,1,0.845186,6.935062,1
case118_branch_outage_011,case118,branch_outage,1,0.848696,7.090252,1
case118_branch_outage_012,case118,branch_outage,1,0.84704,7.228267,1
case118_branch_outage_013,case118,branch_outage,1,0.843064,7.348504,1
case118_branch_outage_014,case118,branch_outage,1,0.844302,7.457956,1
case118_branch_outage_015,case118,branch_outage,1,0.843412,7.555572,1
case118_branch_outage_016,case118,branch_outage,1,0.842921,7.642936,1
case118_branch_outage_017,case118,branch_outage,1,0.845911,7.724553,1
case118_branch_outage_018,case118,branch_outage,1,0.840461,7.792559,1
case118_branch_outage_019,case118,branch_outage,1,0.839635,7.852938,1
case118_branch_outage_020,case118,branch_outage,1,0.836092,7.903737,1
case118_branch_outage_021,case118,branch_outage,1,0.83298,7.946343,1
case118_branch_outage_022,case118,branch_outage,1,0.83319,7.984899,1
case118_branch_outage_023,case118,branch_outage,1,0.835945,8.022354,1
case118_branch_outage_024,case118,branch_outage,1,0.836977,8.057096,1
case118_branch_outage_025,case118,branch_outage,1,0.832002,8.083388,1
case118_branch_outage_026,case118,branch_outage,1,0.834165,8.109214,1
case118_branch_outage_027,case118,branch_outage,1,0.835913,8.134206,1
case118_branch_outage_028,case118,branch_outage,1,0.833988,8.154773,1
case118_branch_outage_029,case118,branch_outage,1,0.833062,8.172358,1
case118_branch_outage_030,case118,branch_outage,1,0.83289,8.188012,1
case118_branch_outage_031,case118,branch_outage,1,0.834059,8.20327,1
case118_branch_outage_032,case118,branch_outage,1,0.832828,8.215771,1
case118_branch_outage_033,case118,branch_outage,1,0.837586,8.231781,1
case118_branch_outage_034,case118,branch_outage,1,0.835867,8.24447,1
case118_branch_outage_035,case118,branch_outage,1,0.835562,8.255584,1
case118_branch_outage_036,case118,branch_outage,1,0.837472,8.267498,1
case118_branch_outage_037,case118,branch_outage,1,0.834638,8.275387,1
case118_branch_outage_038,case118,branch_outage,1,0.834429,8.282277,1
case118_branch_outage_039,case118,branch_outage,1,0.837858,8.291907,1
case118_branch_outage_040,case118,branch_outage,1,0.839832,8.302548,1
case118_branch_outage_041,case118,branch_outage,1,0.840857,8.313151,1
case118_branch_outage_042,case118,branch_outage,1,0.838709,8.320545,1
case118_branch_outage_043,case118,branch_outage,1,0.835769,8.32426,1
case118_branch_outage_044,case118,branch_outage,1,0.837605,8.329438,1
case118_branch_outage_045,case118,branch_outage,1,0.839491,8.335986,1
case118_branch_outage_046,case118,branch_outage,1,0.836244,8.338631,1
case118_branch_outage_047,case118,branch_outage,1,0.835896,8.340663,1
case118_branch_outage_048,case118,branch_outage,1,0.837681,8.344278,1
case118_branch_outage_049,case118,branch_outage,1,0.837594,8.347444,1
case118_branch_outage_050,case118,branch_outage,1,0.837412,8.350112,1
case118_branch_outage_051,case118,branch_outage,1,0.838781,8.353882,1
case118_branch_outage_052,case118,branch_outage,1,0.842495,8.360989,1
case118_branch_outage_053,case118,branch_outage,1,0.839003,8.363893,1
case118_branch_outage_054,case118,branch_outage,1,0.839804,8.367307,1
case118_branch_outage_055,case118,branch_outage,1,0.84104,8.371617,1
case118_branch_outage_056,case118,branch_outage,1,0.837893,8.372349,1
case118_branch_outage_057,case118,branch_outage,1,0.837998,8.373112,1
case118_branch_outage_058,case118,branch_outage,1,0.838676,8.374477,1
case118_branch_outage_059,case118,branch_outage,1,0.839143,8.376173,1
case118_fdia_000,case118,fdia,1,0.839499,8.378054,1
case118_fdia_001,case118,fdia,1,0.842847,8.383095,1
case118_fdia_002,case118,fdia,1,0.843385,8.388171,1
case118_fdia_003,case118,fdia,1,0.845955,8.395308,1
case118_fdia_004,case118,fdia,1,0.845399,8.401177,1
case118_fdia_005,case118,fdia,1,0.843335,8.404394,1
case118_fdia_006,case118,fdia,1,0.84589,8.409845,1
case118_fdia_007,case118,fdia,1,0.846812,8.415672,1
case118_fdia_008,case118,fdia,1,0.848411,8.422516,1
case118_fdia_009,case118,fdia,1,0.851344,8.431608,1
case118_fdia_010,case118,fdia,1,0.853419,8.441866,1
case118_fdia_011,case118,fdia,1,0.849486,8.447166,1
case118_fdia_012,case118,fdia,1,0.847025,8.449474,1
case118_fdia_013,case118,fdia,1,0.850272,8.454798,1
case118_fdia_014,case118,fdia,1,0.853329,8.462648,1
case118_fdia_015,case118,fdia,1,0.853974,8.470357,1
case118_fdia_016,case118,fdia,1,0.855466,8.478787,1
case118_fdia_017,case118,fdia,1,0.855751,8.48666,1
case118_fdia_018,case118,fdia,1,0.857455,8.495449,1
case118_fdia_019,case118,fdia,1,0.855163,8.501067,1
case118_fdia_020,case118,fdia,1,0.854364,8.505324,1
case118_fdia_021,case118,fdia,1,0.850127,8.504919,1
case118_fdia_022,case118,fdia,1,0.84811,8.502537,1
case118_fdia_023,case118,fdia,1,0.848124,8.500407,1
case118_fdia_024,case118,fdia,1,0.846746,8.497113,1
case118_fdia_025,case118,fdia,1,0.848227,8.495629,1
case118_fdia_026,case118,fdia,1,0.848604,8.49467,1
case118_fdia_027,case118,fdia,1,0.8478,8.493002,1
case118_fdia_028,case118,fdia,1,0.846579,8.490281,1
case118_fdia_029,case118,fdia,1,0.844186,8.485439,1
case118_fdia_030,case118,fdia,1,0.84268,8.479575,1
case118_fdia_031,case118,fdia,1,0.841928,8.473545,1
case118_fdia_032,case118,fdia,1,0.841026,8.467217,1
case118_fdia_033,case118,fdia,1,0.837731,8.458226,1
case118_fdia_034,case118,fdia,1,0.836607,8.44901,1
case118_fdia_035,case118,fdia,1,0.835059,8.439168,1
case118_fdia_036,case118,fdia,1,0.833549,8.4288,1
case118_fdia_037,case118,fdia,1,0.835961,8.421881,1
case118_fdia_038,case118,fdia,1,0.833881,8.413574,1
case118_fdia_039,case118,fdia,1,0.832559,8.404776,1
case118_fdia_040,case118,fdia,1,0.837383,8.401682,1
case118_fdia_041,case118,fdia,1,0.840495,8.402009,1
case118_fdia_042,case118,fdia,1,0.842241,8.404049,1
case118_fdia_043,case118,fdia,1,0.839577,8.40322,1
case118_fdia_044,case118,fdia,1,0.840954,8.403853,1
case118_fdia_045,case118,fdia,1,0.841309,8.404777,1
case118_fdia_046,case118,fdia,1,0.838051,8.40235,1
case118_fdia_047,case118,fdia,1,0.837459,8.399574,1
case118_fdia_048,case118,fdia,1,0.837552,8.397168,1
case118_fdia_049,case118,fdia,1,0.837854,8.395305,1
case118_fdia_050,case118,fdia,1,0.840432,8.396206,1
case118_fdia_051,case118,fdia,1,0.843865,8.400451,1
case118_fdia_052,case118,fdia,1,0.844794,8.4052,1
case118_fdia_053,case118,fdia,1,0.842754,8.407433,1
case118_fdia_054,case118,fdia,1,0.84319,8.40988,1
case118_fdia_055,case118,fdia,1,0.846929,8.415822,1
case118_fdia_056,case118,fdia,1,0.850842,8.425082,1
case118_fdia_057,case118,fdia,1,0.849436,8.432009,1
case118_fdia_058,case118,fdia,1,0.85181,8.440618,1
case118_fdia_059,case118,fdia,1,0.852413,8.448969,1
case118_load_shift_000,case118,load_shift,1,0.850197,8.454269,1
case118_load_shift_001,case118,load_shift,1,0.84624,8.455082,1
case118_load_shift_002,case118,load_shift,1,0.845891,8.455465,1
case118_load_shift_003,case118,load_shift,1,0.848911,8.458829,1
case118_load_shift_004,case118,load_shift,1,0.849351,8.462297,1
case118_load_shift_005,case118,load_shift,1,0.657112,8.273179,1
case118_load_shift_006,case118,load_shift,1,0.854526,8.300387,1
case118_load_shift_007,case118,load_shift,1,0.857058,8.327406,1
case118_load_shift_008,case118,load_shift,1,0.859644,8.354309,1
case118_load_shift_009,case118,load_shift,1,0.460644,7.979523,1
case118_load_shift_010,case118,load_shift,1,0.859425,8.040995,1
case118_load_shift_011,case118,load_shift,1,0.856596,8.093492,1
case118_load_shift_012,case118,load_shift,1,0.855482,8.139625,1
case118_load_shift_013,case118,load_shift,1,0.461165,7.786827,1
case118_load_shift_014,case118,load_shift,1,0.857786,7.865931,1
case118_load_shift_015,case118,load_shift,1,0.855912,7.93525,1
case118_load_shift_016,case118,load_shift,1,0.853132,7.994857,1
case118_load_shift_017,case118,load_shift,1,0.526293,7.721664,1
case118_load_shift_018,case118,load_shift,1,0.85169,7.801187,1
case118_load_shift_019,case118,load_shift,1,0.853216,7.874284,1
case118_load_shift_020,case118,load_shift,1,0.853844,7.940699,1
case118_load_shift_021,case118,load_shift,1,0.44619,7.592819,1
case118_load_shift_022,case118,load_shift,1,0.85583,7.689368,1
case118_load_shift_023,case118,load_shift,1,0.857647,7.778078,1
case118_load_shift_024,case118,load_shift,1,0.856482,7.856752,1
case118_load_shift_025,case118,load_shift,1,0.459324,7.530401,1
case118_load_shift_026,case118,load_shift,1,0.853398,7.630758,1
case118_load_shift_027,case118,load_shift,1,0.856529,7.724211,1
case118_load_shift_028,case118,load_shift,1,0.851869,7.803659,1
case118_load_shift_029,case118,load_shift,1,0.544761,7.568055,1
case118_load_shift_030,case118,load_shift,1,0.847398,7.658647,1
case118_load_shift_031,case118,load_shift,1,0.854427,7.747209,1
case118_load_shift_032,case118,load_shift,1,0.855906,7.828394,1
case118_load_shift_033,case118,load_shift,1,0.617668,7.663223,1
case118_load_shift_034,case118,load_shift,1,0.85566,7.75256,1
case118_load_shift_035,case118,load_shift,1,0.857387,7.834691,1
case118_load_shift_036,case118,load_shift,1,0.85612,7.907342,1
case118_load_shift_037,case118,load_shift,1,0.561925,7.678533,1
case118_load_shift_038,case118,load_shift,1,0.858578,7.769258,1
case118_load_shift_039,case118,load_shift,1,0.859488,7.85182,1
case118_load_shift_040,case118,load_shift,1,0.857418,7.924056,1
case118_load_shift_041,case118,load_shift,1,0.685804,7.817455,1
case118_load_shift_042,case118,load_shift,1,0.85741,7.893119,1
case118_load_shift_043,case118,load_shift,1,0.856775,7.960582,1
case118_load_shift_044,case118,load_shift,1,0.857183,8.021707,1
case118_load_shift_045,case118,load_shift,1,0.435855,7.655392,1
case118_load_shift_046,case118,load_shift,1,0.855498,7.74535,1
case118_load_shift_047,case118,load_shift,1,0.850453,7.821268,1
case118_load_shift_048,case118,load_shift,1,0.852199,7.89134,1
case118_load_shift_049,case118,load_shift,1,0.440954,7.543161,1
case118_load_shift_050,case118,load_shift,1,0.849634,7.638479,1
case118_load_shift_051,case118,load_shift,1,0.850514,7.725145,1
case118_load_shift_052,case118,load_shift,1,0.849872,7.802503,1
case118_load_shift_053,case118,load_shift,1,0.45741,7.479663,1
case118_load_shift_054,case118,load_shift,1,0.847282,7.578979,1
case118_load_shift_055,case118,load_shift,1,0.8454,7.666481,1
case118_load_shift_056,case118,load_shift,1,0.846237,7.74607,1
case118_load_shift_057,case118,load_shift,1,0.415097,7.38656,1
case118_load_shift_058,case118,load_shift,1,0.842833,7.490737,1
case118_load_shift_059,case118,load_shift,1,0.842955,7.584618,1
case118_stealth_drift_000,case118,stealth_drift,1,0.841131,7.667287,1
case118_stealth_drift_001,case118,stealth_drift,1,0.857905,7.758464,1
case118_stealth_drift_002,case118,stealth_drift,1,0.860575,7.843193,1
case118_stealth_drift_003,case118,stealth_drift,1,0.857795,7.916668,1
case118_stealth_drift_004,case118,stealth_drift,1,0.859814,7.984816,1
case118_stealth_drift_005,case118,stealth_drift,1,0.499302,7.685636,1
case118_stealth_drift_006,case118,stealth_drift,1,0.871349,7.788422,1
case118_stealth_drift_007,case118,stealth_drift,1,0.879604,7.889183,1
case118_stealth_drift_008,case118,stealth_drift,1,0.877751,7.978016,1
case118_stealth_drift_009,case118,stealth_drift,1,0.494534,7.674749,1
case118_stealth_drift_010,case118,stealth_drift,1,0.874896,7.78217,1
case118_stealth_drift_011,case118,stealth_drift,1,0.875592,7.879545,1
case118_stealth_drift_012,case118,stealth_drift,1,0.876082,7.967673,1
case118_stealth_drift_013,case118,stealth_drift,1,0.477697,7.648602,1
case118_stealth_drift_014,case118,stealth_drift,1,0.594199,7.477941,1
case118_stealth_drift_015,case118,stealth_drift,1,0.89038,7.620527,1
case118_stealth_drift_016,case118,stealth_drift,1,0.893546,7.75202,1
case118_stealth_drift_017,case118,stealth_drift,1,0.490207,7.467025,1
case118_stealth_drift_018,case118,stealth_drift,1,0.744107,7.46443,1
case118_stealth_drift_019,case118,stealth_drift,1,0.892883,7.61087,1
case118_stealth_drift_020,case118,stealth_drift,1,0.894013,7.743795,1
case118_stealth_drift_021,case118,stealth_drift,1,0.495031,7.464447,1
case118_stealth_drift_022,case118,stealth_drift,1,0.8756,7.593601,1
case118_stealth_drift_023,case118,stealth_drift,1,0.876175,7.710416,1
case118_stealth_drift_024,case118,stealth_drift,1,0.872188,7.811563,1
case118_stealth_drift_025,case118,stealth_drift,1,0.445717,7.476124,1
case118_stealth_drift_026,case118,stealth_drift,1,0.732666,7.461178,1
case118_stealth_drift_027,case118,stealth_drift,1,0.864637,7.579697,1
case118_stealth_drift_028,case118,stealth_drift,1,0.875252,7.69698,1
case118_stealth_drift_029,case118,stealth_drift,1,0.484082,7.411364,1
case118_stealth_drift_030,case118,stealth_drift,1,0.762156,7.432384,1
case118_stealth_drift_031,case118,stealth_drift,1,0.904262,7.593407,1
case118_stealth_drift_032,case118,stealth_drift,1,0.90377,7.737836,1
case118_stealth_drift_033,case118,stealth_drift,1,0.539598,7.503651,1
case118_stealth_drift_034,case118,stealth_drift,1,0.904988,7.658273,1
case118_stealth_drift_035,case118,stealth_drift,1,0.894966,7.787412,1
case118_stealth_drift_036,case118,stealth_drift,1,0.89246,7.901131,1
case118_stealth_drift_037,case118,stealth_drift,1,0.474205,7.585223,1
case118_stealth_drift_038,case118,stealth_drift,1,0.789963,7.616664,1
case118_stealth_drift_039,case118,stealth_drift,1,0.904401,7.759398,1
case118_stealth_drift_040,case118,stealth_drift,1,0.906472,7.889931,1
case118_stealth_drift_041,case118,stealth_drift,1,0.512715,7.613653,1
case118_stealth_drift_042,case118,stealth_drift,1,0.914242,7.766529,1
case118_stealth_drift_043,case118,stealth_drift,1,0.912273,7.90215,1
case118_stealth_drift_044,case118,stealth_drift,1,0.913823,8.025758,1
case118_stealth_drift_045,case118,stealth_drift,1,0.574399,7.797581,1
case118_stealth_drift_046,case118,stealth_drift,1,0.925779,7.943602,1
case118_stealth_drift_047,case118,stealth_drift,1,0.910365,8.059607,1
case118_stealth_drift_048,case118,stealth_drift,1,0.912259,8.165905,1
case118_stealth_drift_049,case118,stealth_drift,1,0.506729,7.856044,1
case118_stealth_drift_050,case118,stealth_drift,1,0.808294,7.878734,1
case118_stealth_drift_051,case118,stealth_drift,1,0.89308,7.98394,1
case118_stealth_drift_052,case118,stealth_drift,1,0.892195,8.077741,1
case118_stealth_drift_053,case118,stealth_drift,1,0.465826,7.735793,1
case118_stealth_drift_054,case118,stealth_drift,1,0.83609,7.798304,1
case118_stealth_drift_055,case118,stealth_drift,1,0.890598,7.909072,1
case118_stealth_drift_056,case118,stealth_drift,1,0.903442,8.021606,1
case118_stealth_drift_057,case118,stealth_drift,1,0.476055,7.695501,1
case118_stealth_drift_058,case118,stealth_drift,1,0.691663,7.617614,1
case118_stealth_drift_059,case118,stealth_drift,1,0.894498,7.750351,1
