initial_trust,initial_risk,survivability,final_trust,mean_quorum
0.1,0.0,0.0,0.09107068761544035,0.6295507766149379
0.1,0.04736842105263158,0.0,0.07035849704274509,0.6283657731732715
0.1,0.09473684210526316,0.0,0.03236684174225734,0.6266418969322196
0.1,0.14210526315789473,0.0,0.014767538825686414,0.6253153067696373
0.1,0.18947368421052632,0.0,0.0060448030316848575,0.6241909742791582
0.1,0.2368421052631579,0.0,0.0017360233613577113,0.6234661085946641
0.1,0.28421052631578947,0.0,0.0,0.6227979063451322
0.1,0.3315789473684211,0.0,0.0,0.6224821432791432
0.1,0.37894736842105264,0.0,0.0,0.622158318296751
0.1,0.4263157894736842,0.0,0.0,0.6218979635220236
0.1,0.4736842105263158,0.0,0.0,0.6217386390531549
0.1,0.5210526315789474,0.0,0.0,0.6215874225942262
0.1,0.5684210526315789,0.0,0.0,0.621465968271785
0.1,0.6157894736842106,0.0,0.0,0.6213673041054396
0.1,0.6631578947368422,0.0,0.0,0.6212520209837793
0.1,0.7105263157894737,0.0,0.0,0.6211676796699119
0.1,0.7578947368421053,0.0,0.0,0.6210927394505475
0.1,0.8052631578947369,0.0,0.0,0.6210606285825917
0.1,0.8526315789473684,0.0,0.0,0.6209885545088578
0.1,0.9,0.0,0.0,0.6209484494706687
0.1473684210526316,0.0,0.0,0.13755773214864783,0.6342423313097394
0.1473684210526316,0.04736842105263158,0.0,0.11542058720415824,0.6332325025998471
0.1473684210526316,0.09473684210526316,0.0,0.07934427110598136,0.6313902672300931
0.1473684210526316,0.14210526315789473,0.0,0.04567527138653757,0.6296038644746096
0.1473684210526316,0.18947368421052632,0.0,0.02716414055490079,0.6283995583227217
0.1473684210526316,0.2368421052631579,0.0,0.014332148877705382,0.6269597227895991
0.1473684210526316,0.28421052631578947,0.0,0.008998808309974408,0.6261132848750917
0.1473684210526316,0.3315789473684211,0.0,0.003905648436285455,0.6254106058574436
0.1473684210526316,0.37894736842105264,0.0,0.0,0.6247797400598746
0.1473684210526316,0.4263157894736842,0.0,0.0,0.6241416691758362
0.1473684210526316,0.4736842105263158,0.0,0.0,0.6237660877945066
0.1473684210526316,0.5210526315789474,0.0,0.0,0.6234266059029889
0.1473684210526316,0.5684210526315789,0.0,0.0,0.6231195637883526
0.1473684210526316,0.6157894736842106,0.0,0.0,0.622905359622573
0.1473684210526316,0.6631578947368422,0.0,0.0,0.6226829006741302
0.1473684210526316,0.7105263157894737,0.0,0.0,0.6225154927585794
0.1473684210526316,0.7578947368421053,0.0,0.0,0.6223944682298406
0.1473684210526316,0.8052631578947369,0.0,0.0,0.6222551735536159
0.1473684210526316,0.8526315789473684,0.0,0.0,0.6221118352241332
0.1473684210526316,0.9,0.0,0.0,0.6220071124599217
0.19473684210526315,0.0,0.0,0.18576269663081055,0.6389970297651801
0.19473684210526315,0.04736842105263158,0.0,0.1630237070074161,0.6379247563330978
0.19473684210526315,0.09473684210526316,0.0,0.12913763245849608,0.6362117098101852
0.19473684210526315,0.14210526315789473,0.0,0.09700759217589867,0.6346293217333037
0.19473684210526315,0.18947368421052632,0.0,0.06413888188883766,0.633005760981089
0.19473684210526315,0.2368421052631579,0.0,0.04104257038802771,0.6313996154451368
0.19473684210526315,0.28421052631578947,0.0,0.025479253200562567,0.6299472948472699
0.19473684210526315,0.3315789473684211,0.0,0.01544588657159463,0.6289852334124315
0.19473684210526315,0.37894736842105264,0.0,0.010890946938810826,0.6279428407377331
0.19473684210526315,0.4263157894736842,0.0,0.005550056007931854,0.6270487642120809
0.19473684210526315,0.4736842105263158,0.0,0.0008254666960458873,0.6264851395546819
0.19473684210526315,0.5210526315789474,0.0,0.0,0.6259279221318466
0.19473684210526315,0.5684210526315789,0.0,0.0,0.6254578131039471
0.19473684210526315,0.6157894736842106,0.0,0.0,0.6250217397741012
0.19473684210526315,0.6631578947368422,0.0,0.0,0.6247178107750514
0.19473684210526315,0.7105263157894737,0.0,0.0,0.6243291466010124
0.19473684210526315,0.7578947368421053,0.0,0.0,0.6241513788288703
0.19473684210526315,0.8052631578947369,0.0,0.0,0.6238672660650263
0.19473684210526315,0.8526315789473684,0.0,0.0,0.6236738316371041
0.19473684210526315,0.9,0.0,0.0,0.6234754714645222
0.24210526315789474,0.0,0.0,0.23269137502461867,0.6437355684948559
0.24210526315789474,0.04736842105263158,0.0,0.2102926366595716,0.6426490680866234
0.24210526315789474,0.09473684210526316,0.0,0.17902479976316013,0.6411050001521527
0.24210526315789474,0.14210526315789473,0.0,0.1401454531391108,0.6391368869041913
0.24210526315789474,0.18947368421052632,0.0,0.10975579616415569,0.6377009017008204
0.24210526315789474,0.2368421052631579,0.0,0.07569924339852155,0.6360572069624195
0.24210526315789474,0.28421052631578947,0.0,0.05349027976510541,0.6343649778031488
0.24210526315789474,0.3315789473684211,0.0,0.03688074611373367,0.6329631498036964
0.24210526315789474,0.37894736842105264,0.0,0.027036549643144264,0.6318648064888615
0.24210526315789474,0.4263157894736842,0.0,0.01792503414079451,0.6307642692856711
0.24210526315789474,0.4736842105263158,0.0,0.013612183571849054,0.62987415114146
0.24210526315789474,0.5210526315789474,0.0,0.00845390201807876,0.6290697913588005
0.24210526315789474,0.5684210526315789,0.0,0.00327887430786676,0.6283346652628069
0.24210526315789474,0.6157894736842106,0.0,0.0,0.6278097809773727
0.24210526315789474,0.6631578947368422,0.0,0.0,0.6272172931882635
0.24210526315789474,0.7105263157894737,0.0,0.0,0.6267409327930006
0.24210526315789474,0.7578947368421053,0.0,0.0,0.6263726879131687
0.24210526315789474,0.8052631578947369,0.0,0.0,0.6259741790804543
0.24210526315789474,0.8526315789473684,0.0,0.0,0.6256360225484401
0.24210526315789474,0.9,0.0,0.0,0.6253769578166062
0.2894736842105263,0.0,0.0,0.281581900830751,0.6485536907767776
0.2894736842105263,0.04736842105263158,0.0,0.25585381144991676,0.6473467407200976
0.2894736842105263,0.09473684210526316,0.0,0.2241376799842841,0.6456951304055879
0.2894736842105263,0.14210526315789473,0.0,0.1932927442238339,0.6441187778574647
0.2894736842105263,0.18947368421052632,0.0,0.15707660696155779,0.6423572524699002
0.2894736842105263,0.2368421052631579,0.0,0.12413374052157432,0.6406898648323999
0.2894736842105263,0.28421052631578947,0.0,0.08795417987439307,0.6389895055127437
0.2894736842105263,0.3315789473684211,0.0,0.06677948321394402,0.6374855569808472
0.2894736842105263,0.37894736842105264,0.0,0.04946313545119389,0.6360939819438758
0.2894736842105263,0.4263157894736842,0.0,0.038403868844806927,0.6348379835428097
0.2894736842105263,0.4736842105263158,0.0,0.026246041306438588,0.6336607513462273
0.2894736842105263,0.5210526315789474,0.0,0.01991210890656728,0.6325622074965023
0.2894736842105263,0.5684210526315789,0.0,0.015561974986316032,0.6317086152048463
0.2894736842105263,0.6157894736842106,0.0,0.010714513198503148,0.6309964352452924
0.2894736842105263,0.6631578947368422,0.0,0.006109331328753212,0.6301764382861138
0.2894736842105263,0.7105263157894737,0.0,0.0014230326601662193,0.6296130236272073
0.2894736842105263,0.7578947368421053,0.0,0.0,0.6290584687129046
0.2894736842105263,0.8052631578947369,0.0,0.0,0.6285048619354402
0.2894736842105263,0.8526315789473684,0.0,0.0,0.6281079633142292
0.2894736842105263,0.9,0.0,0.0,0.6276339651454326
0.33684210526315794,0.0,0.0,0.32655126688346914,0.6532432216884888
0.33684210526315794,0.04736842105263158,0.0,0.30517333555164405,0.6520927463686881
0.33684210526315794,0.09473684210526316,0.0,0.27095007064748095,0.6504192873748973
0.33684210526315794,0.14210526315789473,0.0,0.23660760071011774,0.6487857427776844
0.33684210526315794,0.18947368421052632,0.0,0.2053384825330648,0.6472022745371775
0.33684210526315794,0.2368421052631579,0.0,0.17143756513708164,0.6454429256258932
0.33684210526315794,0.28421052631578947,0.0,0.13821667518488912,0.6438453922486711
0.33684210526315794,0.3315789473684211,0.0,0.10211368040623697,0.6420251906849509
0.33684210526315794,0.37894736842105264,0.0,0.08208463127447338,0.640613475754158
0.33684210526315794,0.4263157894736842,0.0,0.06228048605625939,0.6392200061211879
0.33684210526315794,0.4736842105263158,0.0,0.04837119300599975,0.6376585647496319
0.33684210526315794,0.5210526315789474,0.0,0.038431428083374235,0.636554547858618
0.33684210526315794,0.5684210526315789,0.0,0.027665457983344063,0.6355408303790009
0.33684210526315794,0.6157894736842106,0.0,0.02239420700024355,0.6343736658546306
0.33684210526315794,0.6631578947368422,0.0,0.018098268364703053,0.633635533151466
0.33684210526315794,0.7105263157894737,0.0,0.013161654929082847,0.6328239600261951
0.33684210526315794,0.7578947368421053,0.0,0.008509723910988053,0.6320925990907118
0.33684210526315794,0.8052631578947369,0.0,0.0037533712260431154,0.6314218471215975
0.33684210526315794,0.8526315789473684,0.0,0.0,0.6309202112723519
0.33684210526315794,0.9,0.0,0.0,0.6302556897888925
0.38421052631578945,0.0,0.0,0.3748885237704488,0.6580106324230247
0.38421052631578945,0.04736842105263158,0.0,0.34917827079470254,0.6567330361555919
0.38421052631578945,0.09473684210526316,0.0,0.3163878046187196,0.6551382322996537
0.38421052631578945,0.14210526315789473,0.0,0.2858750117753811,0.6534793185108463
0.38421052631578945,0.18947368421052632,0.0,0.24973698506851727,0.6516933697677351
0.38421052631578945,0.2368421052631579,0.0,0.22033463012478122,0.650289196262586
0.38421052631578945,0.28421052631578947,0.0,0.1834152226397314,0.6486052853998879
0.38421052631578945,0.3315789473684211,0.0,0.15614421994995564,0.6472066717665678
0.38421052631578945,0.37894736842105264,0.0,0.12081563497801101,0.6453987236322563
0.38421052631578945,0.4263157894736842,0.0,0.09594245429102513,0.6436213262720023
0.38421052631578945,0.4736842105263158,0.0,0.07611394801766873,0.642297790816974
0.38421052631578945,0.5210526315789474,0.0,0.061656007978347374,0.6408194769152548
0.38421052631578945,0.5684210526315789,0.0,0.050109604102364855,0.639595064982823
0.38421052631578945,0.6157894736842106,0.0,0.0379482561795657,0.6383444451283894
0.38421052631578945,0.6631578947368422,0.0,0.029945404213287424,0.6374510694565096
0.38421052631578945,0.7105263157894737,0.0,0.02504291921848754,0.6363806359399561
0.38421052631578945,0.7578947368421053,0.0,0.02014666279106784,0.6355992017919082
0.38421052631578945,0.8052631578947369,0.0,0.015449082087559397,0.634712864733073
0.38421052631578945,0.8526315789473684,0.0,0.011120822806873704,0.6340441809499157
0.38421052631578945,0.9,0.0,0.006101046279259337,0.6333206889257373
0.43157894736842106,0.0,0.0,0.4240846902779215,0.6627995883616851
0.43157894736842106,0.04736842105263158,0.0,0.40126842222392384,0.6617012780725541
0.43157894736842106,0.09473684210526316,0.0,0.36459941346271707,0.659766450670445
0.43157894736842106,0.14210526315789473,0.0,0.3308811029313816,0.6582218673629368
0.43157894736842106,0.18947368421052632,0.0,0.29704768587741004,0.6565383402484557
0.43157894736842106,0.2368421052631579,0.0,0.2682074556607831,0.6551144307922351
0.43157894736842106,0.28421052631578947,0.0,0.23389915656616006,0.6534419200356618
0.43157894736842106,0.3315789473684211,0.0,0.1988332983654674,0.6516011073231636
0.43157894736842106,0.37894736842105264,0.0,0.16796682387092943,0.6500834565300464
0.43157894736842106,0.4263157894736842,0.0,0.13638819677823136,0.6485527049602757
0.43157894736842106,0.4736842105263158,0.0,0.1094196722607571,0.646690730289672
0.43157894736842106,0.5210526315789474,0.0,0.08937316961320868,0.6453112975961867
0.43157894736842106,0.5684210526315789,0.0,0.07345966993498762,0.6438354715990147
0.43157894736842106,0.6157894736842106,0.0,0.06143341321444426,0.6424984853313542
0.43157894736842106,0.6631578947368422,0.0,0.05028042166918962,0.6414012249218678
0.43157894736842106,0.7105263157894737,0.0,0.03912794189045927,0.6404019227045112
0.43157894736842106,0.7578947368421053,0.0,0.0327467625975214,0.6392758399008129
0.43157894736842106,0.8052631578947369,0.0,0.02758975395112374,0.6383474062085969
0.43157894736842106,0.8526315789473684,0.0,0.023010864300227574,0.6374162733004104
0.43157894736842106,0.9,0.0,0.0178687562536432,0.6365901916986476
0.4789473684210527,0.0,0.0,0.47166470929593435,0.6675536934069973
0.4789473684210527,0.04736842105263158,0.0,0.4414114134204926,0.6660024006913622
0.4789473684210527,0.09473684210526316,0.0,0.40942287004196265,0.6643925942066563
0.4789473684210527,0.14210526315789473,0.0,0.3850977463003624,0.6632796638530155
0.4789473684210527,0.18947368421052632,0.0,0.34513317152534284,0.6611904989359885
0.4789473684210527,0.2368421052631579,0.0,0.31378894086799225,0.6596190175754049
0.4789473684210527,0.28421052631578947,0.0,0.28056411071760795,0.6580282046661574
0.4789473684210527,0.3315789473684211,0.0,0.24478967908232802,0.6564253141202764
0.4789473684210527,0.37894736842105264,0.0,0.21250224998411532,0.6546653757961045
0.4789473684210527,0.4263157894736842,0.0,0.1776067124934061,0.6529957285890154
0.4789473684210527,0.4736842105263158,0.0,0.148872370286468,0.6514994848376782
0.4789473684210527,0.5210526315789474,0.0,0.12417354468822872,0.6499235126253601
0.4789473684210527,0.5684210526315789,0.0,0.10267523941463014,0.648261710370209
0.4789473684210527,0.6157894736842106,0.0,0.0846743272156459,0.6468506910771749
0.4789473684210527,0.6631578947368422,0.0,0.0746834233432679,0.6456356376633903
0.4789473684210527,0.7105263157894737,0.0,0.06285960886038905,0.6444911627699693
0.4789473684210527,0.7578947368421053,0.0,0.05009364134413727,0.6432127843012598
0.4789473684210527,0.8052631578947369,0.0,0.03944144605910702,0.6420849152529216
0.4789473684210527,0.8526315789473684,0.0,0.03467680984891395,0.6410833168481619
0.4789473684210527,0.9,0.0,0.029281475609433203,0.640147080749546
0.5263157894736842,0.0,0.0,0.5172130705885357,0.6721553888412085
0.5263157894736842,0.04736842105263158,0.0,0.49512885663144146,0.6710943589773687
0.5263157894736842,0.09473684210526316,0.0,0.4573142195907321,0.6691550124912066
0.5263157894736842,0.14210526315789473,0.0,0.42806977645873834,0.6677150579739779
0.5263157894736842,0.18947368421052632,0.0,0.3959790650934226,0.6660758890852303
0.5263157894736842,0.2368421052631579,0.0,0.3588027320453778,0.6643836996975339
0.5263157894736842,0.28421052631578947,0.0,0.32842847972781625,0.6627868764685774
0.5263157894736842,0.3315789473684211,0.0,0.29372746732936983,0.6610614162401954
0.5263157894736842,0.37894736842105264,0.0,0.2619271155330078,0.6595847958576679
0.5263157894736842,0.4263157894736842,0.0,0.2273810761780693,0.6577933491090304
0.5263157894736842,0.4736842105263158,0.0,0.19369331044698584,0.656158499011076
0.5263157894736842,0.5210526315789474,0.0,0.16309510335559635,0.6546408563162784
0.5263157894736842,0.5684210526315789,0.0,0.1417128684430894,0.6531189071822883
0.5263157894736842,0.6157894736842106,0.0,0.11517782989685889,0.6512954318439742
0.5263157894736842,0.6631578947368422,0.0,0.09715784877243258,0.6499101251162709
0.5263157894736842,0.7105263157894737,0.0,0.08572742996398422,0.6486598621567146
0.5263157894736842,0.7578947368421053,0.0,0.0723797992480865,0.6472117847107783
0.5263157894736842,0.8052631578947369,0.0,0.06170248716609571,0.6461208451176751
0.5263157894736842,0.8526315789473684,0.0,0.04993965276940365,0.64501436669474
0.5263157894736842,0.9,0.0,0.04120853329789367,0.6438882543513859
0.5736842105263158,0.0,0.0,0.5649108231346472,0.6769774728027422
0.5736842105263158,0.04736842105263158,0.0,0.5420818394120914,0.6758189917823146
0.5736842105263158,0.09473684210526316,0.0,0.5051981939599126,0.6739475108817633
0.5736842105263158,0.14210526315789473,0.0,0.473752202850403,0.6725100205397161
0.5736842105263158,0.18947368421052632,0.0,0.4378012189559207,0.6706560098621844
0.5736842105263158,0.2368421052631579,0.0,0.40566180939953567,0.6690673089953251
0.5736842105263158,0.28421052631578947,0.0,0.37369930406930413,0.667479027441622
0.5736842105263158,0.3315789473684211,0.0,0.34257809004935214,0.6659235482882156
0.5736842105263158,0.37894736842105264,0.0,0.3103095517700869,0.6643141433358696
0.5736842105263158,0.4263157894736842,0.0,0.28053298687079725,0.6628494941658403
0.5736842105263158,0.4736842105263158,0.0,0.24036371671160883,0.6608021566570293
0.5736842105263158,0.5210526315789474,0.0,0.20567494033336559,0.6592282486636769
0.5736842105263158,0.5684210526315789,0.0,0.17600312076441404,0.6576957679558469
0.5736842105263158,0.6157894736842106,0.0,0.15128824950562927,0.6558661957328294
0.5736842105263158,0.6631578947368422,0.0,0.13243629870612786,0.6544574799679388
0.5736842105263158,0.7105263157894737,0.0,0.11175266628370294,0.6531541900390977
0.5736842105263158,0.7578947368421053,0.0,0.09769437061860467,0.6516433275858128
0.5736842105263158,0.8052631578947369,0.0,0.08571452143102092,0.6503813717759241
0.5736842105263158,0.8526315789473684,0.0,0.07466576438049706,0.6492388147089112
0.5736842105263158,0.9,0.0,0.06261839249339428,0.6480597736385598
0.6210526315789474,0.0,0.0,0.6133991882244347,0.6817752116274122
0.6210526315789474,0.04736842105263158,0.0,0.5883940787303057,0.6804480888471712
0.6210526315789474,0.09473684210526316,0.0,0.55211852087307,0.6787861300515456
0.6210526315789474,0.14210526315789473,0.0,0.5193918201647191,0.6771876287500673
0.6210526315789474,0.18947368421052632,0.0,0.4871778453283341,0.6754358128570686
0.6210526315789474,0.2368421052631579,0.0,0.4513067081768032,0.6736709367936601
0.6210526315789474,0.28421052631578947,0.0,0.4259669947786723,0.6725082211020186
0.6210526315789474,0.3315789473684211,0.0,0.38659969161026786,0.6704581421464728
0.6210526315789474,0.37894736842105264,0.0,0.35377487317653433,0.6689562140056375
0.6210526315789474,0.4263157894736842,0.0,0.32139412294813835,0.667316318408325
0.6210526315789474,0.4736842105263158,0.0,0.29190171482364763,0.6657522094541171
0.6210526315789474,0.5210526315789474,0.0,0.2596243045802109,0.6641073846649657
0.6210526315789474,0.5684210526315789,0.0,0.22283890093256642,0.662444191574624
0.6210526315789474,0.6157894736842106,0.0,0.19329966788775804,0.6609963986341886
0.6210526315789474,0.6631578947368422,0.0,0.16607584100501932,0.6590618457608959
0.6210526315789474,0.7105263157894737,0.0,0.14383834781438706,0.6575071349616366
0.6210526315789474,0.7578947368421053,0.0,0.12437399700015628,0.6561094738591444
0.6210526315789474,0.8052631578947369,0.0,0.10965732148862625,0.6546863331843248
0.6210526315789474,0.8526315789473684,0.0,0.09773195462154577,0.6533952457563383
0.6210526315789474,0.9,0.0,0.08581471644610997,0.6522350421302439
0.6684210526315789,0.0,0.0,0.6608913447860688,0.686497042483129
0.6684210526315789,0.04736842105263158,0.0,0.632995500666507,0.685205244148794
0.6684210526315789,0.09473684210526316,0.0,0.5994539926534919,0.6834692393377779
0.6684210526315789,0.14210526315789473,0.0,0.5673344483289862,0.6818709085534759
0.6684210526315789,0.18947368421052632,0.0,0.5364358385694021,0.6802170451713266
0.6684210526315789,0.2368421052631579,0.0,0.5002695067613371,0.6785698816003347
0.6684210526315789,0.28421052631578947,0.0,0.47009092148958326,0.677057690438166
0.6684210526315789,0.3315789473684211,0.0,0.43619181447253313,0.675440683838201
0.6684210526315789,0.37894736842105264,0.0,0.4030900805992696,0.6737817192078106
0.6684210526315789,0.4263157894736842,0.0,0.37003791843312484,0.672094884137201
0.6684210526315789,0.4736842105263158,0.0,0.340787666963576,0.6706802708108235
0.6684210526315789,0.5210526315789474,0.0,0.3058990518742606,0.6690253178910127
0.6684210526315789,0.5684210526315789,0.0,0.27228675498054644,0.6673195741876897
0.6684210526315789,0.6157894736842106,0.0,0.23812161431502146,0.6655201300565445
0.6684210526315789,0.6631578947368422,0.0,0.20464778004638082,0.6639518361838793
0.6684210526315789,0.7105263157894737,0.0,0.18099458430985965,0.6621673859693742
0.6684210526315789,0.7578947368421053,0.0,0.16113139831426157,0.6606572225675414
0.6684210526315789,0.8052631578947369,0.0,0.14031278777998607,0.6593036823185824
0.6684210526315789,0.8526315789473684,0.0,0.11941731228380471,0.6575576548887808
0.6684210526315789,0.9,0.0,0.10904393744319366,0.6563879639572735
0.7157894736842105,0.0,0.79,0.7071934522223657,0.6911480882824729
0.7157894736842105,0.04736842105263158,0.16,0.6821831430863017,0.6899641453277227
0.7157894736842105,0.09473684210526316,0.0,0.6499017286768164,0.6883262856443731
0.7157894736842105,0.14210526315789473,0.0,0.615052616338705,0.6866041988382271
0.7157894736842105,0.18947368421052632,0.0,0.5848088388788493,0.6851100550519308
0.7157894736842105,0.2368421052631579,0.0,0.5512063990142438,0.6835488460612309
0.7157894736842105,0.28421052631578947,0.0,0.518968341404113,0.6818818185885216
0.7157894736842105,0.3315789473684211,0.0,0.4821684779952488,0.6799769250803395
0.7157894736842105,0.37894736842105264,0.0,0.45330544769821185,0.6785991294988518
0.7157894736842105,0.4263157894736842,0.0,0.41680706769287235,0.6767601534983195
0.7157894736842105,0.4736842105263158,0.0,0.3845112969443133,0.6751757274715997
0.7157894736842105,0.5210526315789474,0.0,0.3504225861715107,0.6735250977534717
0.7157894736842105,0.5684210526315789,0.0,0.31898318275280657,0.671941147696878
0.7157894736842105,0.6157894736842106,0.0,0.28383535349011657,0.6702002241318306
0.7157894736842105,0.6631578947368422,0.0,0.24860618790215622,0.6684558557200956
0.7157894736842105,0.7105263157894737,0.0,0.21737817801263584,0.666738934148997
0.7157894736842105,0.7578947368421053,0.0,0.19521030253796873,0.6651140619039098
0.7157894736842105,0.8052631578947369,0.0,0.17612367158336878,0.6638962539617839
0.7157894736842105,0.8526315789473684,0.0,0.1537653043022552,0.6623176691152035
0.7157894736842105,0.9,0.0,0.1335551641543596,0.6609365984457124
0.7631578947368421,0.0,1.0,0.7546945936594246,0.6958741368712131
0.7631578947368421,0.04736842105263158,0.68,0.7270837654802909,0.6945635701028305
0.7631578947368421,0.09473684210526316,0.16,0.6966363313108537,0.6930100457413296
0.7631578947368421,0.14210526315789473,0.0,0.6642264201222773,0.6915221904425315
0.7631578947368421,0.18947368421052632,0.0,0.6319788677885658,0.6897784635351225
0.7631578947368421,0.2368421052631579,0.0,0.5991588961147924,0.6881677750619262
0.7631578947368421,0.28421052631578947,0.0,0.5628034078873889,0.6863603962023003
0.7631578947368421,0.3315789473684211,0.0,0.5350706712084474,0.6849442998830811
0.7631578947368421,0.37894736842105264,0.0,0.499344952917377,0.683217267907637
0.7631578947368421,0.4263157894736842,0.0,0.46698145556405557,0.6816987344152449
0.7631578947368421,0.4736842105263158,0.0,0.4324979371748861,0.679980589739912
0.7631578947368421,0.5210526315789474,0.0,0.3957308886781846,0.6782308703453767
0.7631578947368421,0.5684210526315789,0.0,0.3667742508256093,0.6767284137404611
0.7631578947368421,0.6157894736842106,0.0,0.33250574073498057,0.6750846610306297
0.7631578947368421,0.6631578947368422,0.0,0.30189325228148195,0.6735180202095659
0.7631578947368421,0.7105263157894737,0.0,0.26780982751411714,0.6717358468148252
0.7631578947368421,0.7578947368421053,0.0,0.22990893506862659,0.669939883499774
0.7631578947368421,0.8052631578947369,0.0,0.21015584758939504,0.6683673093255342
0.7631578947368421,0.8526315789473684,0.0,0.18985554805918545,0.6669294906462906
0.7631578947368421,0.9,0.0,0.16569757312766262,0.6652486286909162
0.8105263157894737,0.0,1.0,0.8024990496436921,0.700695331361016
0.8105263157894737,0.04736842105263158,1.0,0.7748495711275839,0.69940989830625
0.8105263157894737,0.09473684210526316,0.63,0.744529621121825,0.6977946067580969
0.8105263157894737,0.14210526315789473,0.1,0.7106518811443077,0.696081587428516
0.8105263157894737,0.18947368421052632,0.0,0.6747328837920378,0.6943159322808827
0.8105263157894737,0.2368421052631579,0.0,0.6461296291555197,0.6928896545996479
0.8105263157894737,0.28421052631578947,0.0,0.613905395502015,0.6912161159460517
0.8105263157894737,0.3315789473684211,0.0,0.5774957957355846,0.6896021811210286
0.8105263157894737,0.37894736842105264,0.0,0.5469506929406703,0.6879543931746471
0.8105263157894737,0.4263157894736842,0.0,0.5119521088697967,0.6861941773848125
0.8105263157894737,0.4736842105263158,0.0,0.4819227688968465,0.684755741055881
0.8105263157894737,0.5210526315789474,0.0,0.44220216756953024,0.6826429244489663
0.8105263157894737,0.5684210526315789,0.0,0.40871164748505096,0.681154123436992
0.8105263157894737,0.6157894736842106,0.0,0.377006853646185,0.6795865757204066
0.8105263157894737,0.6631578947368422,0.0,0.3485451278054319,0.6782380032376563
0.8105263157894737,0.7105263157894737,0.0,0.3139538327614852,0.6765758252263029
0.8105263157894737,0.7578947368421053,0.0,0.281325658236409,0.674929889531526
0.8105263157894737,0.8052631578947369,0.0,0.24519148951423375,0.6730147872529365
0.8105263157894737,0.8526315789473684,0.0,0.22403542093001877,0.6714983727104814
0.8105263157894737,0.9,0.0,0.20260758251627214,0.6699645499069061
0.8578947368421053,0.0,1.0,0.8454317166236057,0.7051474336628898
0.8578947368421053,0.04736842105263158,1.0,0.8234743492566097,0.7040573158918249
0.8578947368421053,0.09473684210526316,0.91,0.7907796940674212,0.702518122697306
0.8578947368421053,0.14210526315789473,0.49,0.761074887660953,0.701060870832108
0.8578947368421053,0.18947368421052632,0.06,0.7271115736661584,0.6992620902911791
0.8578947368421053,0.2368421052631579,0.0,0.6901478080638143,0.6975424615546187
0.8578947368421053,0.28421052631578947,0.0,0.6563269194923429,0.6957264128057844
0.8578947368421053,0.3315789473684211,0.0,0.6294689979297192,0.6944895146793768
0.8578947368421053,0.37894736842105264,0.0,0.5927042217825575,0.6926547889123935
0.8578947368421053,0.4263157894736842,0.0,0.5580618994217195,0.6908904946072006
0.8578947368421053,0.4736842105263158,0.0,0.5245379556352493,0.6893075636999539
0.8578947368421053,0.5210526315789474,0.0,0.49494078713415446,0.6878188287563056
0.8578947368421053,0.5684210526315789,0.0,0.45782950973979064,0.6860051118329704
0.8578947368421053,0.6157894736842106,0.0,0.4256228976625094,0.6843838087244372
0.8578947368421053,0.6631578947368422,0.0,0.3958044726570217,0.6829025673300163
0.8578947368421053,0.7105263157894737,0.0,0.36375339676517415,0.6813012816857252
0.8578947368421053,0.7578947368421053,0.0,0.3253358115672209,0.6792795471662685
0.8578947368421053,0.8052631578947369,0.0,0.29554734628660445,0.6779777450222872
0.8578947368421053,0.8526315789473684,0.0,0.26182135426789455,0.676397048758049
0.8578947368421053,0.9,0.0,0.2378054452621895,0.6746406128344387
0.9052631578947369,0.0,1.0,0.8970915394648734,0.7100655063726257
0.9052631578947369,0.04736842105263158,1.0,0.8756354068806136,0.7091175826258891
0.9052631578947369,0.09473684210526316,1.0,0.8394714933063311,0.7072717943751476
0.9052631578947369,0.14210526315789473,0.76,0.8047810191131474,0.7055050414376655
0.9052631578947369,0.18947368421052632,0.32,0.7707895249358226,0.7039299993772588
0.9052631578947369,0.2368421052631579,0.03,0.7381470230277031,0.7022078878063087
0.9052631578947369,0.28421052631578947,0.0,0.7063501995971367,0.7007561286328646
0.9052631578947369,0.3315789473684211,0.0,0.677617146136356,0.6992654212220906
0.9052631578947369,0.37894736842105264,0.0,0.6402816435871832,0.6973297913829203
0.9052631578947369,0.4263157894736842,0.0,0.6067392181224263,0.6956695253660868
0.9052631578947369,0.4736842105263158,0.0,0.5753036489749681,0.6942733382514432
0.9052631578947369,0.5210526315789474,0.0,0.5401809456367092,0.6923927455954118
0.9052631578947369,0.5684210526315789,0.0,0.5115867310370569,0.6909926988727905
0.9052631578947369,0.6157894736842106,0.0,0.4738154500815195,0.6891680225079692
0.9052631578947369,0.6631578947368422,0.0,0.4406641983427144,0.687589043435438
0.9052631578947369,0.7105263157894737,0.0,0.4087046654387912,0.6860216405667771
0.9052631578947369,0.7578947368421053,0.0,0.37011193470577164,0.6840154417000659
0.9052631578947369,0.8052631578947369,0.0,0.3401751521994644,0.6825341236310919
0.9052631578947369,0.8526315789473684,0.0,0.306137374494307,0.6807683197279866
0.9052631578947369,0.9,0.0,0.27531975991857033,0.679430118689136
0.9526315789473684,0.0,1.0,0.94466756627608,0.7148763672021733
0.9526315789473684,0.04736842105263158,1.0,0.9216441753387477,0.7137865816899003
0.9526315789473684,0.09473684210526316,1.0,0.88595505645628,0.7120288067979652
0.9526315789473684,0.14210526315789473,0.99,0.8535449135608472,0.7104354929082178
0.9526315789473684,0.18947368421052632,0.64,0.8236051150995618,0.7088824367021586
0.9526315789473684,0.2368421052631579,0.22,0.7861461928436717,0.7070899457242362
0.9526315789473684,0.28421052631578947,0.02,0.7547140680829947,0.7054096873094903
0.9526315789473684,0.3315789473684211,0.0,0.7193852988840959,0.7037651575090199
0.9526315789473684,0.37894736842105264,0.0,0.687466931395558,0.7021598109982841
0.9526315789473684,0.4263157894736842,0.0,0.6562281475333476,0.7004209160341379
0.9526315789473684,0.4736842105263158,0.0,0.6222570718513607,0.698907599783665
0.9526315789473684,0.5210526315789474,0.0,0.586739505325286,0.6971839538826694
0.9526315789473684,0.5684210526315789,0.0,0.5537511811404638,0.6953582567614626
0.9526315789473684,0.6157894736842106,0.0,0.5230691414944688,0.6940954848441692
0.9526315789473684,0.6631578947368422,0.0,0.49153042217944093,0.6924442042630099
0.9526315789473684,0.7105263157894737,0.0,0.4551833337116453,0.6905773252293284
0.9526315789473684,0.7578947368421053,0.0,0.42298555029235785,0.6890606427181125
0.9526315789473684,0.8052631578947369,0.0,0.3906067582359025,0.6874505566118988
0.9526315789473684,0.8526315789473684,0.0,0.3566841995912835,0.6857765189118935
0.9526315789473684,0.9,0.0,0.32621964410929927,0.6842854901031071
1.0,0.0,1.0,0.9903475440540468,0.7195311052127181
1.0,0.04736842105263158,1.0,0.9695626315896929,0.7185109206491433
1.0,0.09473684210526316,1.0,0.9306489014389356,0.7165451077288529
1.0,0.14210526315789473,1.0,0.8983181691701868,0.7148959919236819
1.0,0.18947368421052632,0.85,0.8660852479193912,0.7133458654172751
1.0,0.2368421052631579,0.4,0.8324764500033107,0.7117925727878033
1.0,0.28421052631578947,0.03,0.7978384382866986,0.7099863629222987
1.0,0.3315789473684211,0.0,0.7680943294056717,0.7084622742108978
1.0,0.37894736842105264,0.0,0.7355717089000584,0.706878870257721
1.0,0.4263157894736842,0.0,0.6998175490737915,0.7050920549254591
1.0,0.4736842105263158,0.0,0.6664535655737334,0.7035206738816894
1.0,0.5210526315789474,0.0,0.6351120698196805,0.7020289557336165
1.0,0.5684210526315789,0.0,0.6032405462631225,0.7003218048692694
1.0,0.6157894736842106,0.0,0.5675404378717834,0.6985805633392785
1.0,0.6631578947368422,0.0,0.5363559147503735,0.6970250169095143
1.0,0.7105263157894737,0.0,0.502959006478201,0.6953625381189031
1.0,0.7578947368421053,0.0,0.46907857150643906,0.693724273268513
1.0,0.8052631578947369,0.0,0.4333043972605289,0.6918794753904995
1.0,0.8526315789473684,0.0,0.40082416177079006,0.690356902583657
1.0,0.9,0.0,0.36566283134289157,0.6886422751459378
