theta_seq,physics_alarm_seq
11.804406535500528,1
21.824271407401632,1
31.172052476232373,1
38.924397943135695,1
46.45180634615592,1
53.6568471343804,1
59.13329266422533,1
65.66049053265597,1
71.4726405303545,1
76.39872130857614,1
79.40630551432126,1
82.94591941832398,1
86.65379315978726,1
89.51388656284543,1
91.12182251094644,1
93.65485392761435,1
95.22992732316462,1
96.71770845770646,1
97.91820892945812,1
98.88010894365404,1
99.67064057833396,1
101.58470400032748,1
102.6456455008225,1
104.2481966348357,1
104.57095458097518,1
105.25849333235654,1
106.0155772456717,1
106.7254920304806,1
107.42095970439983,1
107.85369705746508,1
109.36869413023254,1
111.19973947896162,1
112.19199498687811,1
111.63453537487632,1
111.97539121782256,1
112.31443040866526,1
113.869767968619,1
113.66023778077408,1
112.84360437322668,1
112.94313396147652,1
113.85972063841731,1
112.94855202376364,1
113.35531217554094,1
114.08226119792016,1
115.37696285932948,1
115.02667498327976,1
114.92916609238758,1
115.8034710433963,1
114.8714635361601,1
114.84263889026325,1
113.83669089809152,1
112.93890150361533,1
113.44224127862226,1
113.75855869958832,1
114.55882458477537,1
113.2466892159775,1
113.51480001862964,1
113.37244994978673,1
113.08764274331293,1
113.34060168905783,1
122.67563012364408,1
125.39411434085554,1
127.13019313978188,1
162.12700629248042,1
188.2075510018145,1
206.98392732811809,1
214.3875501583189,1
212.8497163970987,1
207.90196676516123,1
222.60569190349165,1
249.60148447541988,1
241.78928180396971,1
229.7338776010144,1
228.9720966198596,1
236.67136764837764,1
264.099016986266,1
258.0473971695994,1
247.29225481642305,1
240.95980689898707,1
233.2037131874373,1
249.44353458901375,1
239.5176305138545,1
265.783721001008,1
279.7115454894567,1
293.295397503466,1
282.7129787247632,1
274.8723550339762,1
262.4655518841024,1
256.24592990828046,1
247.23809044241972,1
261.84922118433326,1
254.07514317253904,1
267.98703529967776,1
277.8436829627032,1
280.0199466637339,1
274.6576165091117,1
266.97153488535463,1
270.96672419462567,1
258.2104625008347,1
245.07854231574896,1
246.3867209985733,1
245.12813311747004,1
259.63120995640656,1
272.08705699438696,1
266.35821164573554,1
258.6444500534729,1
283.5700162711155,1
277.40403330649497,1
271.8141365308797,1
263.21248290576074,1
252.1702070846288,1
246.27147171082777,1
257.9124137021707,1
275.1509044710969,1
268.49518183870254,1
263.4808576161796,1
263.95240991534354,1
253.35028982454253,1
243.42126569810847,1
240.16728458848863,1
231.19610748067888,1
227.78564031143128,1
227.8743847066172,1
225.7695244752425,1
218.52529917752327,1
212.2602097208779,1
234.13537375278912,1
259.9879966598932,1
257.36445211161544,1
258.29644733313535,1
246.94400258866625,1
247.85159307658435,1
267.28783353224634,1
262.96031664336493,1
256.889957575861,1
251.8388101322181,1
261.0623182866902,1
260.26433396263394,1
251.4021762098927,1
269.957605575699,1
257.9961617558069,1
271.3541852637632,1
265.1224967096839,1
259.2817949154009,1
247.04598893420484,1
237.9729750432773,1
229.19930007205343,1
227.89183054237472,1
225.5342453277396,1
223.0456647935881,1
219.10375886428653,1
214.8330013369906,1
236.7794690885966,1
250.5528987119964,1
243.18794615007957,1
233.99483467155952,1
239.48760315188264,1
228.423707220404,1
251.4828532145133,1
248.70375303768708,1
237.6493047194584,1
230.341993342774,1
223.6053453940931,1
244.05717881895475,1
232.70524103511144,1
254.6947695508991,1
241.65598582904724,1
259.2608942985295,1
247.73876154628093,1
243.0135488724883,1
245.96599647175063,1
266.6185112541687,1
253.61544421912205,1
250.26470404669135,1
240.64338999655024,1
234.7681400483166,1
243.2668460916358,1
260.0571495163832,1
283.3674742410817,1
276.9658836811933,1
298.78947661011955,1
299.8621522148609,1
297.37021293763337,1
290.3290031725164,1
306.2278499285456,1
288.2527470405567,1
289.14166982458096,1
281.50403284890945,1
271.6655982770605,1
283.22629977147824,1
276.3300588931803,1
271.26253631799545,1
265.7962482852581,1
258.8767336862054,1
251.3131036484548,1
268.9865134297002,1
259.56785572165063,1
248.53265942707813,1
246.2213326559829,1
248.35298116270997,1
260.8610308868172,1
254.06722378697648,1
242.9445148758136,1
232.7210541931188,1
253.89860373897335,1
251.6053544387277,1
248.59303757639344,1
241.6763192824141,1
231.8996607978488,1
223.4325580164036,1
245.26276418356716,1
248.19490863499308,1
260.05620709063027,1
253.64363085537204,1
246.13368840744528,1
243.1601042974295,1
236.11741496483285,1
234.3116057828176,1
223.01471616340436,1
220.75044305152207,1
217.41088636221195,1
244.3597604700694,1
232.46536059656097,1
237.65003850564548,1
233.5832481346036,1
235.0115484307248,1
241.95049196687387,1
246.01135333780297,1
234.20139602793,1
225.8783909078244,1
215.17776642009952,1
208.56377786467488,1
213.67961589172396,1
206.3711299372484,1
235.7512035222186,1
244.44031999019649,1
252.967326595714,1
262.9351731403426,1
250.09835443731347,1
244.86152348528435,1
231.44450802270129,1
218.6859469912989,1
208.01706997364923,1
198.4338430634781,1
190.37594048189425,1
182.24222133292923,1
176.31179033340962,1
169.91098680292168,1
164.99302416144343,1
160.43536928162442,1
156.01072133630132,1
152.80888630648488,1
149.15595096413296,1
145.85773796994795,1
142.68901606710364,1
140.004205903546,1
136.98253413396603,1
134.82181094802593,1
132.46848434762757,1
130.15866428440725,1
129.66474849809606,1
129.61237562836314,1
128.72513110073962,1
128.40990710026853,1
127.45669887935564,1
125.58731840663262,1
124.7580297511179,1
123.3495149351748,1
123.02273918061394,1
121.98654631643215,1
120.91351720453142,1
120.28088423386438,1
120.07625272209016,1
120.51404960837914,1
118.20875765787194,1
117.084018637609,1
117.49770945597275,1
117.6568187915038,1
117.27428076064982,1
116.73538790201248,1
116.84692804720984,1
116.07336616554144,1
116.20011343428742,1
115.10258488074928,1
115.18178173841044,1
115.93415470936388,1
116.99484222506985,1
115.88822389191849,1
117.04500500038412,1
117.0582802928299,1
115.6807992198486,1
116.03943156820172,1
116.41367689983984,1
117.62368253680252,1
117.9716405603454,1
117.48806238906262,1
117.98233755511508,1
117.19043271455617,1
117.57946003567766,1
116.22569480232976,1
153.85090722469815,1
159.23684673905535,1
158.44842228212715,1
174.96287945777743,1
206.35335020159405,1
217.07051859189005,1
209.6106071225406,1
228.4201651527761,1
230.81373162319423,1
221.5726890264916,1
249.8135579208208,1
243.79225634418256,1
240.72909630192535,1
235.4488420168149,1
224.7904525970731,1
225.6864644918308,1
215.503961621711,1
216.8757808057252,1
211.18057731220657,1
208.1317491655626,1
221.77995865132,1
232.67893769811425,1
231.73312549592,1
224.12105783921743,1
216.78534459044369,1
224.6136542633709,1
216.27970931326607,1
225.9507272132577,1
221.25735192339303,1
219.88051574106345,1
212.0337293913449,1
204.32873998525125,1
234.0555183431268,1
228.66210409885727,1
223.47374398653503,1
249.8443734798429,1
260.3251376494951,1
253.2738524314505,1
249.5577767243894,1
267.93810528205626,1
282.4053656646854,1
277.71167630914834,1
300.4081513860868,1
292.07078030777444,1
276.4627131876288,1
285.07184255911056,1
276.0271099037231,1
264.25907202320167,1
254.90332431757903,1
245.25833296870752,1
234.11385681941036,1
223.75644708011603,1
237.57746355108145,1
234.3612838189116,1
231.8439817978266,1
231.58220307450893,1
232.2576211643833,1
223.5565410390376,1
221.07517337895092,1
238.2728371930677,1
261.08905416344857,1
249.9524230381632,1
247.59966136538785,1
245.66624579906693,1
237.811085213728,1
233.40410190263125,1
228.02301992807477,1
254.97951555881616,1
244.83404855308848,1
232.07766727290877,1
249.24681416198737,1
236.86546208468,1
228.93728413357988,1
253.4559705542291,1
247.535215928886,1
265.86749857115035,1
253.1795201340281,1
246.15052046798704,1
247.60372955971755,1
235.5916737899009,1
225.03651771906627,1
222.177862489997,1
213.3504276254483,1
209.68932730603467,1
200.4277641828016,1
202.86439981213564,1
213.0197155364513,1
224.16469167230832,1
233.76950759513596,1
226.35831452857775,1
253.55650628636064,1
246.96601529420872,1
242.01336215289768,1
253.94353119440004,1
242.44897342454428,1
231.80203169380871,1
230.8502627730075,1
243.8566664537306,1
252.94300351190603,1
251.82652945646907,1
240.39697733813128,1
252.80503944332128,1
253.15328011554368,1
247.40672011206192,1
236.79708888197945,1
256.2761417938642,1
252.9507517074392,1
253.41853908326192,1
242.02245580389572,1
233.02650907876415,1
257.61780297058027,1
243.2221217346157,1
235.4174902266336,1
255.1251820188649,1
268.3522641139653,1
256.668739775179,1
280.0058450539228,1
269.3798336908814,1
275.50643733293964,1
270.0779203241647,1
260.47540677874,1
274.23002966815227,1
294.9646229461515,1
312.3971391464787,1
296.0858150606971,1
284.4977691945637,1
277.012960863221,1
263.21086835163624,1
250.4808063554617,1
246.10516444336048,1
234.58523288144184,1
246.392056679852,1
239.59847798733435,1
241.94800765397127,1
232.58753019898808,1
226.88239262862123,1
225.28497329171623,1
225.43604271013288,1
224.97690285034167,1
253.14246150181603,1
263.6474347679249,1
250.48210532664797,1
261.7486993874029,1
255.05660172712825,1
243.89157837425464,1
232.3606093463561,1
241.07187719644944,1
266.2183897505548,1
289.9052505592779,1
286.31581158512176,1
277.05470681093334,1
268.61389054723185,1
291.36165873172416,1
284.61744317971466,1
278.8457389590069,1
266.8101851994782,1
280.7072323726471,1
283.55480209577445,1
273.2190019359003,1
264.17182262654177,1
269.76991598048977,1
265.28641494616147,1
259.2321034973498,1
248.81952202111484,1
250.81183517661887,1
254.51561182460105,1
251.7301358055793,1
259.1502207324328,1
255.3107358818422,1
251.9246518186564,1
249.16541171706385,1
239.597673126146,1
256.47448833847983,1
246.05572630218344,1
245.1791651004745,1
233.35794254859653,1
225.099997815496,1
215.42633066753467,1
223.33647769621908,1
213.51173120290608,1
203.6338067570689,1
195.6029023159354,1
187.71690683138124,1
179.86957308855534,1
173.062658861462,1
167.72180370221082,1
162.38532015527292,1
158.28711848596635,1
153.23687082442137,1
149.99655647239075,1
147.91123442450538,1
144.9826654807116,1
142.10396795125618,1
140.13012490301912,1
136.43806213677394,1
134.0347399330569,1
133.37472600526104,1
131.15606406549284,1
129.83267771902138,1
127.95113477152836,1
126.29230215641292,1
124.92933831248963,1
123.4914917860208,1
122.03215300124494,1
120.83897183826598,1
120.4141854012412,1
120.12275370369916,1
119.41693819106683,1
119.95679935377042,1
119.94573926068894,1
119.02992281022496,1
118.40501480475564,1
118.00922986993194,1
117.63511044688173,1
117.51566294247364,1
117.07126957042207,1
116.10349194001282,1
116.58599406438267,1
114.99749069344765,1
115.25686218949406,1
114.54902343705233,1
114.36204894599076,1
114.90981109866225,1
115.01212252906524,1
114.82596677736814,1
115.10063187493436,1
114.93307598593996,1
115.2511549839898,1
114.91252110586598,1
115.28578696575256,1
114.6465135552409,1
114.9426025940696,1
113.7101765814247,1
114.35643720349256,1
114.99269572369708,1
115.71456829733653,1
115.86158773184673,1
116.84585605554672,1
115.97930228237212,1
115.59116020445364,1
118.47057449862088,1
154.4182394427695,1
157.5061076093909,1
160.28118313744602,1
167.05128836889702,1
165.6847043226871,1
172.08951996582286,1
185.8328342474236,1
186.20252720688663,1
188.51980381727435,1
186.97190217506875,1
188.39396298146067,1
209.5670328507384,1
201.3986951606616,1
195.37094092098727,1
209.41221565903356,1
219.2092426144257,1
215.07861963299223,1
243.77321527670415,1
252.02338673689025,1
262.2375310885873,1
265.86908542335823,1
251.8859624001888,1
249.24680717715864,1
245.66872835454183,1
272.0448768869072,1
267.5355654746904,1
267.39700549562787,1
263.96022589417987,1
285.922494148526,1
274.3589363975473,1
290.4930205359141,1
281.26460955080336,1
266.74689306474284,1
256.0536121804488,1
245.29716194489535,1
234.86685610780904,1
233.62992486297424,1
231.83234382284675,1
245.73049198619728,1
245.71341793432848,1
257.666815879042,1
274.32236891428016,1
293.17630044237336,1
288.1139991290713,1
278.2960417390884,1
265.74817002070125,1
260.75958156246656,1
252.2175836918039,1
249.2426314360991,1
266.26106462428044,1
267.1870622036664,1
291.80723549902643,1
274.402665892922,1
268.62614591824354,1
256.252508565193,1
265.70745708503955,1
252.0229031518876,1
242.3815187047739,1
233.39985261788135,1
232.0807413653852,1
258.9394141429063,1
274.72923572805234,1
262.34370592019286,1
254.40770505556628,1
240.4956733741708,1
236.58790013790156,1
227.0872764677084,1
222.10117287511383,1
242.49877192331329,1
231.1067520598402,1
237.2574279323549,1
236.6715869978307,1
255.92485523339573,1
251.6167352702692,1
237.899034700929,1
228.50774906048247,1
227.11550614576183,1
243.4464021104232,1
234.69922543653948,1
225.6376431213792,1
231.4246474627704,1
223.83642031832943,1
224.10091358033236,1
235.84977711827395,1
231.1530111679879,1
232.250425421163,1
250.34268461950631,1
245.52032570740923,1
258.9911242046783,1
281.8140469721164,1
283.16120659969505,1
273.4778964764328,1
261.1420014092471,1
249.0569379651056,1
262.3654677812231,1
251.6075608726635,1
251.0901260733742,1
258.41116369837744,1
272.31915656341164,1
260.22705004846927,1
246.53274256264095,1
249.1037464315064,1
245.1059901333481,1
240.7532396970303,1
233.8704749488416,1
231.20073659097773,1
221.80847812654727,1
242.79218196385696,1
231.4032233447001,1
247.56403406587447,1
236.60214781868217,1
232.08488958624065,1
225.1425718170248,1
217.6302775111369,1
246.76093285528648,1
239.34000641932496,1
233.6067857545008,1
225.45138572899785,1
228.96913677904527,1
251.51905128211257,1
270.4569863412558,1
257.7169864147655,1
254.1598522593088,1
252.0513899891345,1
242.65527812593584,1
254.0820319644367,1
243.99958029305893,1
237.8162627072584,1
260.87398850350274,1
247.7731179702573,1
244.7256716494316,1
258.84684992282774,1
247.39617404352205,1
272.6959854847065,1
260.6239515473291,1
247.77227369349256,1
240.6571326528434,1
261.70569241585287,1
256.85547150915994,1
246.2710715696664,1
271.1397041864627,1
266.47110350631414,1
260.5905821058291,1
248.92695209594888,1
239.49429563360388,1
235.0990704654757,1
225.1450659021928,1
216.41963587252928,1
244.25731946374503,1
261.5951020298029,1
252.5462962306977,1
274.4978943127577,1
269.9405245231945,1
265.87566902781293,1
255.3111733952942,1
252.1328343219428,1
247.30674568218063,1
241.8291557276602,1
230.1848151598751,1
219.32350699489507,1
213.0664479933448,1
206.04692131143017,1
203.0537927866729,1
228.18964066591175,1
227.09994580064944,1
219.6910043909812,1
215.69077455857035,1
208.81868305571749,1
237.0050910607043,1
236.12173729646253,1
224.72957541050133,1
221.00279683037317,1
220.28796609436776,1
240.06118699826644,1
231.5427051799986,1
222.6253467346264,1
215.936705159618,1
215.37534504081864,1
218.9454366635621,1
208.1110119549882,1
198.7004993771334,1
190.72690621246565,1
183.339060238249,1
177.08056719855273,1
171.5911299209069,1
165.8691794445035,1
160.55872134113594,1
155.97163270467223,1
151.7419091594839,1
148.55399874521748,1
145.0766117106407,1
141.96069295435083,1
139.25099606929314,1
137.03404658561777,1
134.56625176681214,1
132.32340071610187,1
129.97378977382567,1
129.06480690760634,1
128.824029664586,1
126.54552273734902,1
125.06010391800216,1
124.37291359709089,1
124.2502795849698,1
123.06524876769862,1
122.37912439499232,1
121.69206820527798,1
121.94020308668732,1
121.86145419036396,1
122.61029591742178,1
121.45337070874317,1
120.95949187408348,1
120.7179022835019,1
120.31988935469104,1
119.56463320178544,1
118.92956892189954,1
118.91857447133287,1
118.333280173989,1
118.06884613171488,1
118.46428080068308,1
117.24976857334852,1
117.22420826274214,1
117.10360185728716,1
117.86242185610044,1
116.66326714229356,1
117.26264124151965,1
117.14303306118748,1
117.0302347588505,1
116.71072815248884,1
117.15029030850164,1
117.09334881173754,1
117.24963079205313,1
117.25411503993844,1
118.03234629620844,1
117.89999141305071,1
118.1973730259362,1
117.9859306045038,1
117.78911810207453,1
117.90966583344589,1
116.4681440275898,1
133.2069631117304,1
138.3084955795547,1
167.1646088347086,1
169.06209519399084,1
170.8151426293619,1
169.91912972556668,1
167.32013424982972,1
177.17905264817244,1
176.06878282083585,1
179.15061997438315,1
180.38276495536465,1
176.88659555651688,1
175.94058980072364,1
189.21677750946935,1
203.86255973430207,1
202.77277361270035,1
233.74218811195004,1
262.11671736402667,1
250.01513452394545,1
238.12412638683736,1
229.72191608579828,1
219.2983949983781,1
221.92576068868323,1
214.6923602294657,1
211.00326549531025,1
210.3295500389517,1
212.9301159807917,1
208.77224580281984,1
213.9591030299651,1
207.5498324911548,1
211.56900620967755,1
211.21711957609295,1
209.15695238744507,1
199.93573466729768,1
193.719513105557,1
207.17690016229767,1
203.95058734472013,1
226.45524923031363,1
217.9485763594909,1
225.53852344882992,1
220.09102438218983,1
234.11975724058576,1
239.8074003467028,1
246.9985319285952,1
236.54484913157305,1
225.32020804221824,1
218.1023383407393,1
208.93428152176088,1
210.15055720984915,1
206.1116777586718,1
201.6686126253825,1
204.36126362725065,1
216.6321440844528,1
229.25716599258584,1
228.94497499727103,1
222.25957176551472,1
217.2001275115417,1
210.3398016235496,1
225.26627743872444,1
217.23765770752016,1
215.6245135539688,1
242.779324213373,1
238.96809995673465,1
265.1283527841686,1
255.69251820595048,1
278.0459394810363,1
275.3740687791934,1
286.43073543375806,1
274.02751857888506,1
292.0402040417884,1
297.67280848678274,1
300.86736445189007,1
283.79653167596854,1
296.6027815594897,1
287.19419921655265,1
296.7340856758585,1
278.5414486889367,1
262.5150580406473,1
258.1115967142373,1
254.53532048595116,1
247.99100472784664,1
264.2430966209652,1
262.9498961690684,1
251.10344454066637,1
255.17494644778125,1
243.87205782457332,1
265.09494643613124,1
260.1813430548756,1
253.2750192487343,1
243.2229463831519,1
233.83188030011308,1
245.5908808381049,1
236.72036361008435,1
231.25377940549015,1
228.120217008456,1
254.963184479743,1
250.14541449444295,1
259.8502951529321,1
257.68484172272366,1
256.0138638450448,1
277.44797676046767,1
265.07386830617054,1
261.7577588231802,1
255.31720753747865,1
281.9394574942174,1
267.7298943201549,1
291.88464273086186,1
277.42922228012606,1
261.6653702970869,1
258.39458208459126,1
271.5104751172725,1
260.9981064489758,1
285.79912543585937,1
291.70581793313323,1
276.96070101933475,1
271.8503258396844,1
273.1139100955997,1
262.9599310655752,1
257.25852824979705,1
261.9263905188857,1
258.2713343207837,1
263.36463008898704,1
252.34692326222748,1
264.670256780152,1
253.63727131261052,1
240.87634490856388,1
235.82266566122323,1
234.11045674384204,1
225.05959747665167,1
218.17226055590692,1
211.618477037364,1
205.6994559639712,1
213.3956628878989,1
242.53883584988455,1
242.9633452997276,1
233.48952977580865,1
251.9349275883104,1
270.73731296062874,1
265.0519338232332,1
251.3049923604541,1
241.8396262864136,1
239.587133483316,1
233.4891706312724,1
226.6120953833733,1
229.72754364015464,1
229.15013911739956,1
222.15326552736423,1
219.4049513274076,1
211.55219160266967,1
207.9914246980034,1
199.5232585985212,1
192.07851744160556,1
193.76355398725417,1
192.22307265888463,1
190.8437227268195,1
185.94642815564464,1
181.57975848093503,1
178.37022959912755,1
181.04973536052725,1
197.82530487099228,1
228.54742977464224,1
224.97263183690447,1
220.740164348439,1
235.95693185502225,1
232.67718179752976,1
249.5927801032812,1
239.7141769422573,1
230.60543597493628,1
220.6818780667365,1
221.77318834131808,1
220.7856451622254,1
225.24610410379415,1
215.18910253518996,1
216.39597859863505,1
231.6646862836658,1
251.59951049106573,1
266.2102979014602,1
252.614989450501,1
265.2618243913906,1
261.4578560849591,1
